GeneSymbol,Name,significance_clean,consequence,impact,sift_score,polyphen_score,cosmic_match,cosmic_count,llm_interpretation
BRCA1,NM_007294.4(BRCA1):c.190T>G (p.Cys64Gly),Pathogenic,stop_lost,MODERATE,0.0,0.781,False,0,"ERROR: Error code: 429 - {'error': {'message': 'Rate limit reached for model `llama-3.3-70b-versatile` in organization `org_01km0k0jznesv9f29y9gpr3v9b` service tier `on_demand` on tokens per day (TPD): Limit 100000, Used 99765, Requested 420. Please try again in 2m39.84s. Need more tokens? Upgrade to Dev Tier today at https://console.groq.com/settings/billing', 'type': 'tokens', 'code': 'rate_limit_exceeded'}}"
BRCA1,"BRCA1, 6-KB DUP, EX13",Pathogenic,copy_number_variation,HIGH,,,False,0,"ERROR: Error code: 429 - {'error': {'message': 'Rate limit reached for model `llama-3.3-70b-versatile` in organization `org_01km0k0jznesv9f29y9gpr3v9b` service tier `on_demand` on tokens per day (TPD): Limit 100000, Used 99762, Requested 404. Please try again in 2m23.424s. Need more tokens? Upgrade to Dev Tier today at https://console.groq.com/settings/billing', 'type': 'tokens', 'code': 'rate_limit_exceeded'}}"
BRCA1,NM_007294.4(BRCA1):c.116G>A (p.Cys39Tyr),Pathogenic,missense_variant,MODERATE,0.0,0.884,False,0,"ERROR: Error code: 429 - {'error': {'message': 'Rate limit reached for model `llama-3.3-70b-versatile` in organization `org_01km0k0jznesv9f29y9gpr3v9b` service tier `on_demand` on tokens per day (TPD): Limit 100000, Used 99760, Requested 421. Please try again in 2m36.384s. Need more tokens? Upgrade to Dev Tier today at https://console.groq.com/settings/billing', 'type': 'tokens', 'code': 'rate_limit_exceeded'}}"
BRCA1,NM_007294.4(BRCA1):c.116G>T (p.Cys39Phe),Likely pathogenic,missense_variant,MODERATE,0.0,0.845,False,0,"ERROR: Error code: 429 - {'error': {'message': 'Rate limit reached for model `llama-3.3-70b-versatile` in organization `org_01km0k0jznesv9f29y9gpr3v9b` service tier `on_demand` on tokens per day (TPD): Limit 100000, Used 99757, Requested 422. Please try again in 2m34.656s. Need more tokens? Upgrade to Dev Tier today at https://console.groq.com/settings/billing', 'type': 'tokens', 'code': 'rate_limit_exceeded'}}"
BRCA1,NM_007294.4(BRCA1):c.1175_1216del (p.Leu392_Asn406delinsHis),Pathogenic,inframe_deletion,MODIFIER,,,False,0,"ERROR: Error code: 429 - {'error': {'message': 'Rate limit reached for model `llama-3.3-70b-versatile` in organization `org_01km0k0jznesv9f29y9gpr3v9b` service tier `on_demand` on tokens per day (TPD): Limit 100000, Used 99755, Requested 424. Please try again in 2m34.656s. Need more tokens? Upgrade to Dev Tier today at https://console.groq.com/settings/billing', 'type': 'tokens', 'code': 'rate_limit_exceeded'}}"
BRCA1,NM_007294.4(BRCA1):c.134+5G>C,Likely pathogenic,splice_donor_5th_base_variant,LOW,,,False,0,"ERROR: Error code: 429 - {'error': {'message': 'Rate limit reached for model `llama-3.3-70b-versatile` in organization `org_01km0k0jznesv9f29y9gpr3v9b` service tier `on_demand` on tokens per day (TPD): Limit 100000, Used 99753, Requested 416. Please try again in 2m26.016s. Need more tokens? Upgrade to Dev Tier today at https://console.groq.com/settings/billing', 'type': 'tokens', 'code': 'rate_limit_exceeded'}}"
TP53,NM_000546.6(TP53):c.772G>A (p.Glu258Lys),Likely pathogenic,missense_variant,MODERATE,0.0,,True,107,"ERROR: Error code: 429 - {'error': {'message': 'Rate limit reached for model `llama-3.3-70b-versatile` in organization `org_01km0k0jznesv9f29y9gpr3v9b` service tier `on_demand` on tokens per day (TPD): Limit 100000, Used 99750, Requested 453. Please try again in 2m55.392s. Need more tokens? Upgrade to Dev Tier today at https://console.groq.com/settings/billing', 'type': 'tokens', 'code': 'rate_limit_exceeded'}}"
TP53,NM_000546.6(TP53):c.733G>T (p.Gly245Cys),Pathogenic,missense_variant,MODERATE,0.0,,True,122,"ERROR: Error code: 429 - {'error': {'message': 'Rate limit reached for model `llama-3.3-70b-versatile` in organization `org_01km0k0jznesv9f29y9gpr3v9b` service tier `on_demand` on tokens per day (TPD): Limit 100000, Used 99748, Requested 452. Please try again in 2m52.8s. Need more tokens? Upgrade to Dev Tier today at https://console.groq.com/settings/billing', 'type': 'tokens', 'code': 'rate_limit_exceeded'}}"
TP53,NM_000546.6(TP53):c.747G>T (p.Arg249Ser),Likely pathogenic,missense_variant,MODERATE,0.01,,True,253,"ERROR: Error code: 429 - {'error': {'message': 'Rate limit reached for model `llama-3.3-70b-versatile` in organization `org_01km0k0jznesv9f29y9gpr3v9b` service tier `on_demand` on tokens per day (TPD): Limit 100000, Used 99746, Requested 451. Please try again in 2m50.208s. Need more tokens? Upgrade to Dev Tier today at https://console.groq.com/settings/billing', 'type': 'tokens', 'code': 'rate_limit_exceeded'}}"
TP53,NM_000546.6(TP53):c.469G>T (p.Val157Phe),Likely pathogenic,missense_variant,MODERATE,0.0,,True,282,"ERROR: Error code: 429 - {'error': {'message': 'Rate limit reached for model `llama-3.3-70b-versatile` in organization `org_01km0k0jznesv9f29y9gpr3v9b` service tier `on_demand` on tokens per day (TPD): Limit 100000, Used 99743, Requested 452. Please try again in 2m48.48s. Need more tokens? Upgrade to Dev Tier today at https://console.groq.com/settings/billing', 'type': 'tokens', 'code': 'rate_limit_exceeded'}}"
TP53,NM_000546.6(TP53):c.725G>A (p.Cys242Tyr),Likely pathogenic,missense_variant,MODERATE,0.0,,True,99,"ERROR: Error code: 429 - {'error': {'message': 'Rate limit reached for model `llama-3.3-70b-versatile` in organization `org_01km0k0jznesv9f29y9gpr3v9b` service tier `on_demand` on tokens per day (TPD): Limit 100000, Used 99741, Requested 453. Please try again in 2m47.616s. Need more tokens? Upgrade to Dev Tier today at https://console.groq.com/settings/billing', 'type': 'tokens', 'code': 'rate_limit_exceeded'}}"
EGFR,NM_005228.5(EGFR):c.2155G>T (p.Gly719Cys),Pathogenic,missense_variant,MODERATE,0.0,1.0,True,76,"ERROR: Error code: 429 - {'error': {'message': 'Rate limit reached for model `llama-3.3-70b-versatile` in organization `org_01km0k0jznesv9f29y9gpr3v9b` service tier `on_demand` on tokens per day (TPD): Limit 100000, Used 99739, Requested 455. Please try again in 2m47.616s. Need more tokens? Upgrade to Dev Tier today at https://console.groq.com/settings/billing', 'type': 'tokens', 'code': 'rate_limit_exceeded'}}"
EGFR,NM_005228.5(EGFR):c.2127_2129del (p.Glu709_Thr710delinsAsp),Pathogenic,inframe_deletion,MODERATE,,,True,21,"ERROR: Error code: 429 - {'error': {'message': 'Rate limit reached for model `llama-3.3-70b-versatile` in organization `org_01km0k0jznesv9f29y9gpr3v9b` service tier `on_demand` on tokens per day (TPD): Limit 100000, Used 99736, Requested 459. Please try again in 2m48.48s. Need more tokens? Upgrade to Dev Tier today at https://console.groq.com/settings/billing', 'type': 'tokens', 'code': 'rate_limit_exceeded'}}"
EGFR,NM_005228.5(EGFR):c.2156G>C (p.Gly719Ala),Pathogenic,missense_variant,MODERATE,0.0,0.995,True,135,"ERROR: Error code: 429 - {'error': {'message': 'Rate limit reached for model `llama-3.3-70b-versatile` in organization `org_01km0k0jznesv9f29y9gpr3v9b` service tier `on_demand` on tokens per day (TPD): Limit 100000, Used 99734, Requested 455. Please try again in 2m43.296s. Need more tokens? Upgrade to Dev Tier today at https://console.groq.com/settings/billing', 'type': 'tokens', 'code': 'rate_limit_exceeded'}}"
EGFR,NM_005228.5(EGFR):c.2303G>T (p.Ser768Ile),Pathogenic,missense_variant,MODERATE,0.0,0.998,True,120,"ERROR: Error code: 429 - {'error': {'message': 'Rate limit reached for model `llama-3.3-70b-versatile` in organization `org_01km0k0jznesv9f29y9gpr3v9b` service tier `on_demand` on tokens per day (TPD): Limit 100000, Used 99731, Requested 455. Please try again in 2m40.704s. Need more tokens? Upgrade to Dev Tier today at https://console.groq.com/settings/billing', 'type': 'tokens', 'code': 'rate_limit_exceeded'}}"
EGFR,NM_005228.5(EGFR):c.2303_2304delinsTT (p.Ser768Ile),Pathogenic,missense_variant,MODERATE,0.0,0.998,True,120,"ERROR: Error code: 429 - {'error': {'message': 'Rate limit reached for model `llama-3.3-70b-versatile` in organization `org_01km0k0jznesv9f29y9gpr3v9b` service tier `on_demand` on tokens per day (TPD): Limit 100000, Used 99729, Requested 459. Please try again in 2m42.432s. Need more tokens? Upgrade to Dev Tier today at https://console.groq.com/settings/billing', 'type': 'tokens', 'code': 'rate_limit_exceeded'}}"
KRAS,NM_004985.5(KRAS):c.34G>C (p.Gly12Arg),Likely pathogenic,missense_variant,MODERATE,0.01,,True,643,"ERROR: Error code: 429 - {'error': {'message': 'Rate limit reached for model `llama-3.3-70b-versatile` in organization `org_01km0k0jznesv9f29y9gpr3v9b` service tier `on_demand` on tokens per day (TPD): Limit 100000, Used 99727, Requested 452. Please try again in 2m34.656s. Need more tokens? Upgrade to Dev Tier today at https://console.groq.com/settings/billing', 'type': 'tokens', 'code': 'rate_limit_exceeded'}}"
KRAS,NM_004985.5(KRAS):c.38G>A (p.Gly13Asp),Pathogenic,missense_variant,MODERATE,0.04,,True,1310,"ERROR: Error code: 429 - {'error': {'message': 'Rate limit reached for model `llama-3.3-70b-versatile` in organization `org_01km0k0jznesv9f29y9gpr3v9b` service tier `on_demand` on tokens per day (TPD): Limit 100000, Used 99724, Requested 453. Please try again in 2m32.928s. Need more tokens? Upgrade to Dev Tier today at https://console.groq.com/settings/billing', 'type': 'tokens', 'code': 'rate_limit_exceeded'}}"
KRAS,NM_033360.4(KRAS):c.175G>A (p.Ala59Thr),Pathogenic,missense_variant,MODERATE,0.03,,True,39,"ERROR: Error code: 429 - {'error': {'message': 'Rate limit reached for model `llama-3.3-70b-versatile` in organization `org_01km0k0jznesv9f29y9gpr3v9b` service tier `on_demand` on tokens per day (TPD): Limit 100000, Used 99722, Requested 451. Please try again in 2m29.472s. Need more tokens? Upgrade to Dev Tier today at https://console.groq.com/settings/billing', 'type': 'tokens', 'code': 'rate_limit_exceeded'}}"
KRAS,NM_004985.5(KRAS):c.35G>A (p.Gly12Asp),Likely pathogenic,missense_variant,MODERATE,0.04,,True,2527,"ERROR: Error code: 429 - {'error': {'message': 'Rate limit reached for model `llama-3.3-70b-versatile` in organization `org_01km0k0jznesv9f29y9gpr3v9b` service tier `on_demand` on tokens per day (TPD): Limit 100000, Used 99720, Requested 454. Please try again in 2m30.336s. Need more tokens? Upgrade to Dev Tier today at https://console.groq.com/settings/billing', 'type': 'tokens', 'code': 'rate_limit_exceeded'}}"
KRAS,NM_004985.5(KRAS):c.35G>T (p.Gly12Val),Pathogenic,missense_variant,MODERATE,0.0,,True,2122,"ERROR: Error code: 429 - {'error': {'message': 'Rate limit reached for model `llama-3.3-70b-versatile` in organization `org_01km0k0jznesv9f29y9gpr3v9b` service tier `on_demand` on tokens per day (TPD): Limit 100000, Used 99717, Requested 452. Please try again in 2m26.016s. Need more tokens? Upgrade to Dev Tier today at https://console.groq.com/settings/billing', 'type': 'tokens', 'code': 'rate_limit_exceeded'}}"
PTEN,NM_000314.8(PTEN):c.386G>A (p.Gly129Glu),Likely pathogenic,missense_variant,MODERATE,0.0,1.0,True,16,"ERROR: Error code: 429 - {'error': {'message': 'Rate limit reached for model `llama-3.3-70b-versatile` in organization `org_01km0k0jznesv9f29y9gpr3v9b` service tier `on_demand` on tokens per day (TPD): Limit 100000, Used 99715, Requested 455. Please try again in 2m26.88s. Need more tokens? Upgrade to Dev Tier today at https://console.groq.com/settings/billing', 'type': 'tokens', 'code': 'rate_limit_exceeded'}}"
PTEN,NM_000314.8(PTEN):c.697C>T (p.Arg233Ter),Likely pathogenic,stop_gained,HIGH,,,True,150,"ERROR: Error code: 429 - {'error': {'message': 'Rate limit reached for model `llama-3.3-70b-versatile` in organization `org_01km0k0jznesv9f29y9gpr3v9b` service tier `on_demand` on tokens per day (TPD): Limit 100000, Used 99713, Requested 447. Please try again in 2m18.24s. Need more tokens? Upgrade to Dev Tier today at https://console.groq.com/settings/billing', 'type': 'tokens', 'code': 'rate_limit_exceeded'}}"
PTEN,NM_000314.8(PTEN):c.347_351del (p.Asp116fs),Pathogenic,frameshift_variant,HIGH,,,False,0,"ERROR: Error code: 429 - {'error': {'message': 'Rate limit reached for model `llama-3.3-70b-versatile` in organization `org_01km0k0jznesv9f29y9gpr3v9b` service tier `on_demand` on tokens per day (TPD): Limit 100000, Used 99710, Requested 413. Please try again in 1m46.271999999s. Need more tokens? Upgrade to Dev Tier today at https://console.groq.com/settings/billing', 'type': 'tokens', 'code': 'rate_limit_exceeded'}}"
PTEN,NM_000314.8(PTEN):c.388C>T (p.Arg130Ter),Pathogenic,stop_gained,HIGH,,,True,125,"ERROR: Error code: 429 - {'error': {'message': 'Rate limit reached for model `llama-3.3-70b-versatile` in organization `org_01km0k0jznesv9f29y9gpr3v9b` service tier `on_demand` on tokens per day (TPD): Limit 100000, Used 99708, Requested 446. Please try again in 2m13.055999999s. Need more tokens? Upgrade to Dev Tier today at https://console.groq.com/settings/billing', 'type': 'tokens', 'code': 'rate_limit_exceeded'}}"
PTEN,NM_000314.8(PTEN):c.253+1G>A,Pathogenic,splice_donor_variant,HIGH,,,False,0,"ERROR: Error code: 429 - {'error': {'message': 'Rate limit reached for model `llama-3.3-70b-versatile` in organization `org_01km0k0jznesv9f29y9gpr3v9b` service tier `on_demand` on tokens per day (TPD): Limit 100000, Used 99705, Requested 409. Please try again in 1m38.496s. Need more tokens? Upgrade to Dev Tier today at https://console.groq.com/settings/billing', 'type': 'tokens', 'code': 'rate_limit_exceeded'}}"
BRCA1,NM_007294.4(BRCA1):c.2207A>C (p.Glu736Ala),Likely benign,missense_variant,MODIFIER,,,False,0,"ERROR: Error code: 429 - {'error': {'message': 'Rate limit reached for model `llama-3.3-70b-versatile` in organization `org_01km0k0jznesv9f29y9gpr3v9b` service tier `on_demand` on tokens per day (TPD): Limit 100000, Used 99703, Requested 417. Please try again in 1m43.68s. Need more tokens? Upgrade to Dev Tier today at https://console.groq.com/settings/billing', 'type': 'tokens', 'code': 'rate_limit_exceeded'}}"
BRCA1,NM_007294.4(BRCA1):c.4036G>A (p.Glu1346Lys),Likely benign,missense_variant,MODIFIER,,,True,2,"ERROR: Error code: 429 - {'error': {'message': 'Rate limit reached for model `llama-3.3-70b-versatile` in organization `org_01km0k0jznesv9f29y9gpr3v9b` service tier `on_demand` on tokens per day (TPD): Limit 100000, Used 99701, Requested 435. Please try again in 1m57.504s. Need more tokens? Upgrade to Dev Tier today at https://console.groq.com/settings/billing', 'type': 'tokens', 'code': 'rate_limit_exceeded'}}"
BRCA1,NM_007294.4(BRCA1):c.4676-7C>T,Likely benign,splice_region_variant,LOW,,,False,0,"ERROR: Error code: 429 - {'error': {'message': 'Rate limit reached for model `llama-3.3-70b-versatile` in organization `org_01km0k0jznesv9f29y9gpr3v9b` service tier `on_demand` on tokens per day (TPD): Limit 100000, Used 99698, Requested 411. Please try again in 1m34.176s. Need more tokens? Upgrade to Dev Tier today at https://console.groq.com/settings/billing', 'type': 'tokens', 'code': 'rate_limit_exceeded'}}"
BRCA1,NM_007294.4(BRCA1):c.4837A>T (p.Ser1613Cys),Likely benign,missense_variant,MODERATE,0.02,0.848,False,0,"ERROR: Error code: 429 - {'error': {'message': 'Rate limit reached for model `llama-3.3-70b-versatile` in organization `org_01km0k0jznesv9f29y9gpr3v9b` service tier `on_demand` on tokens per day (TPD): Limit 100000, Used 99696, Requested 423. Please try again in 1m42.816s. Need more tokens? Upgrade to Dev Tier today at https://console.groq.com/settings/billing', 'type': 'tokens', 'code': 'rate_limit_exceeded'}}"
BRCA1,NM_007294.4(BRCA1):c.5152+10A>G,Likely benign,intron_variant,MODIFIER,,,False,0,"ERROR: Error code: 429 - {'error': {'message': 'Rate limit reached for model `llama-3.3-70b-versatile` in organization `org_01km0k0jznesv9f29y9gpr3v9b` service tier `on_demand` on tokens per day (TPD): Limit 100000, Used 99694, Requested 412. Please try again in 1m31.584s. Need more tokens? Upgrade to Dev Tier today at https://console.groq.com/settings/billing', 'type': 'tokens', 'code': 'rate_limit_exceeded'}}"
TP53,NM_000546.6(TP53):c.639A>G (p.Arg213=),Benign,synonymous_variant,LOW,,,True,17,"ERROR: Error code: 429 - {'error': {'message': 'Rate limit reached for model `llama-3.3-70b-versatile` in organization `org_01km0k0jznesv9f29y9gpr3v9b` service tier `on_demand` on tokens per day (TPD): Limit 100000, Used 99691, Requested 445. Please try again in 1m57.504s. Need more tokens? Upgrade to Dev Tier today at https://console.groq.com/settings/billing', 'type': 'tokens', 'code': 'rate_limit_exceeded'}}"
TP53,NM_000546.6(TP53):c.993+12T>C,Likely benign,intron_variant,MODIFIER,,,False,0,"ERROR: Error code: 429 - {'error': {'message': 'Rate limit reached for model `llama-3.3-70b-versatile` in organization `org_01km0k0jznesv9f29y9gpr3v9b` service tier `on_demand` on tokens per day (TPD): Limit 100000, Used 99689, Requested 409. Please try again in 1m24.672s. Need more tokens? Upgrade to Dev Tier today at https://console.groq.com/settings/billing', 'type': 'tokens', 'code': 'rate_limit_exceeded'}}"
TP53,NM_000546.6(TP53):c.108G>A (p.Pro36=),Benign,missense_variant,LOW,,,True,7,"ERROR: Error code: 429 - {'error': {'message': 'Rate limit reached for model `llama-3.3-70b-versatile` in organization `org_01km0k0jznesv9f29y9gpr3v9b` service tier `on_demand` on tokens per day (TPD): Limit 100000, Used 99686, Requested 440. Please try again in 1m48.864s. Need more tokens? Upgrade to Dev Tier today at https://console.groq.com/settings/billing', 'type': 'tokens', 'code': 'rate_limit_exceeded'}}"
TP53,NM_000546.6(TP53):c.885T>C (p.Pro295=),Likely benign,synonymous_variant,LOW,,,True,3,"ERROR: Error code: 429 - {'error': {'message': 'Rate limit reached for model `llama-3.3-70b-versatile` in organization `org_01km0k0jznesv9f29y9gpr3v9b` service tier `on_demand` on tokens per day (TPD): Limit 100000, Used 99684, Requested 433. Please try again in 1m41.088s. Need more tokens? Upgrade to Dev Tier today at https://console.groq.com/settings/billing', 'type': 'tokens', 'code': 'rate_limit_exceeded'}}"
TP53,NM_000546.6(TP53):c.666G>T (p.Pro222=),Likely benign,synonymous_variant,LOW,,,True,6,"ERROR: Error code: 429 - {'error': {'message': 'Rate limit reached for model `llama-3.3-70b-versatile` in organization `org_01km0k0jznesv9f29y9gpr3v9b` service tier `on_demand` on tokens per day (TPD): Limit 100000, Used 99682, Requested 445. Please try again in 1m49.728s. Need more tokens? Upgrade to Dev Tier today at https://console.groq.com/settings/billing', 'type': 'tokens', 'code': 'rate_limit_exceeded'}}"
EGFR,NM_005228.5(EGFR):c.2166G>A (p.Ala722=),Likely benign,synonymous_variant,LOW,,,True,2,"ERROR: Error code: 429 - {'error': {'message': 'Rate limit reached for model `llama-3.3-70b-versatile` in organization `org_01km0k0jznesv9f29y9gpr3v9b` service tier `on_demand` on tokens per day (TPD): Limit 100000, Used 99679, Requested 418. Please try again in 1m23.808s. Need more tokens? Upgrade to Dev Tier today at https://console.groq.com/settings/billing', 'type': 'tokens', 'code': 'rate_limit_exceeded'}}"
EGFR,NM_005228.5(EGFR):c.2232C>T (p.Ile744=),Likely benign,synonymous_variant,LOW,,,True,1,"ERROR: Error code: 429 - {'error': {'message': 'Rate limit reached for model `llama-3.3-70b-versatile` in organization `org_01km0k0jznesv9f29y9gpr3v9b` service tier `on_demand` on tokens per day (TPD): Limit 100000, Used 99677, Requested 423. Please try again in 1m26.4s. Need more tokens? Upgrade to Dev Tier today at https://console.groq.com/settings/billing', 'type': 'tokens', 'code': 'rate_limit_exceeded'}}"
EGFR,NM_005228.5(EGFR):c.2280C>T (p.Leu760=),Likely benign,synonymous_variant,LOW,,,True,1,"ERROR: Error code: 429 - {'error': {'message': 'Rate limit reached for model `llama-3.3-70b-versatile` in organization `org_01km0k0jznesv9f29y9gpr3v9b` service tier `on_demand` on tokens per day (TPD): Limit 100000, Used 99675, Requested 423. Please try again in 1m24.672s. Need more tokens? Upgrade to Dev Tier today at https://console.groq.com/settings/billing', 'type': 'tokens', 'code': 'rate_limit_exceeded'}}"
EGFR,NM_005228.5(EGFR):c.2289C>G (p.Ala763=),Likely benign,synonymous_variant,LOW,,,True,2,"ERROR: Error code: 429 - {'error': {'message': 'Rate limit reached for model `llama-3.3-70b-versatile` in organization `org_01km0k0jznesv9f29y9gpr3v9b` service tier `on_demand` on tokens per day (TPD): Limit 100000, Used 99672, Requested 429. Please try again in 1m27.264s. Need more tokens? Upgrade to Dev Tier today at https://console.groq.com/settings/billing', 'type': 'tokens', 'code': 'rate_limit_exceeded'}}"
EGFR,NM_005228.5(EGFR):c.2329C>T (p.Leu777=),Likely benign,synonymous_variant,LOW,,,False,0,"ERROR: Error code: 429 - {'error': {'message': 'Rate limit reached for model `llama-3.3-70b-versatile` in organization `org_01km0k0jznesv9f29y9gpr3v9b` service tier `on_demand` on tokens per day (TPD): Limit 100000, Used 99670, Requested 412. Please try again in 1m10.848s. Need more tokens? Upgrade to Dev Tier today at https://console.groq.com/settings/billing', 'type': 'tokens', 'code': 'rate_limit_exceeded'}}"
KRAS,NM_033360.4(KRAS):c.290+74T>G,Benign,intron_variant,MODIFIER,,,False,0,"ERROR: Error code: 429 - {'error': {'message': 'Rate limit reached for model `llama-3.3-70b-versatile` in organization `org_01km0k0jznesv9f29y9gpr3v9b` service tier `on_demand` on tokens per day (TPD): Limit 100000, Used 99668, Requested 409. Please try again in 1m6.527999999s. Need more tokens? Upgrade to Dev Tier today at https://console.groq.com/settings/billing', 'type': 'tokens', 'code': 'rate_limit_exceeded'}}"
KRAS,NM_033360.4(KRAS):c.290+97A>C,Benign,intron_variant,MODIFIER,,,False,0,"ERROR: Error code: 429 - {'error': {'message': 'Rate limit reached for model `llama-3.3-70b-versatile` in organization `org_01km0k0jznesv9f29y9gpr3v9b` service tier `on_demand` on tokens per day (TPD): Limit 100000, Used 99665, Requested 409. Please try again in 1m3.936s. Need more tokens? Upgrade to Dev Tier today at https://console.groq.com/settings/billing', 'type': 'tokens', 'code': 'rate_limit_exceeded'}}"
KRAS,NM_033360.4(KRAS):c.290+97A>T,Benign,intron_variant,MODIFIER,,,False,0,"ERROR: Error code: 429 - {'error': {'message': 'Rate limit reached for model `llama-3.3-70b-versatile` in organization `org_01km0k0jznesv9f29y9gpr3v9b` service tier `on_demand` on tokens per day (TPD): Limit 100000, Used 99663, Requested 409. Please try again in 1m2.208s. Need more tokens? Upgrade to Dev Tier today at https://console.groq.com/settings/billing', 'type': 'tokens', 'code': 'rate_limit_exceeded'}}"
KRAS,NM_033360.4(KRAS):c.450+40A>G,Benign,non_coding_transcript_exon_variant,MODIFIER,,,False,0,"ERROR: Error code: 429 - {'error': {'message': 'Rate limit reached for model `llama-3.3-70b-versatile` in organization `org_01km0k0jznesv9f29y9gpr3v9b` service tier `on_demand` on tokens per day (TPD): Limit 100000, Used 99660, Requested 414. Please try again in 1m3.936s. Need more tokens? Upgrade to Dev Tier today at https://console.groq.com/settings/billing', 'type': 'tokens', 'code': 'rate_limit_exceeded'}}"
KRAS,NM_033360.4(KRAS):c.450+92A>G,Benign,non_coding_transcript_exon_variant,MODIFIER,,,False,0,"ERROR: Error code: 429 - {'error': {'message': 'Rate limit reached for model `llama-3.3-70b-versatile` in organization `org_01km0k0jznesv9f29y9gpr3v9b` service tier `on_demand` on tokens per day (TPD): Limit 100000, Used 99658, Requested 414. Please try again in 1m2.208s. Need more tokens? Upgrade to Dev Tier today at https://console.groq.com/settings/billing', 'type': 'tokens', 'code': 'rate_limit_exceeded'}}"
PTEN,NM_000314.8(PTEN):c.802-18C>T,Likely benign,intron_variant,MODIFIER,,,False,0,"Here is a concise clinical interpretation of this variant:

1. Classification: The ClinVar clinical significance of this variant is Likely benign.
2. Functional impact: Since the SIFT score is not available and the variant is an intron_variant, it is generally less likely to be deleterious.
3. Protein damage: Given the variant is an intron_variant, it is less likely to cause protein damage.
4. Cancer evidence: This variant has not been observed in tumor samples in COSMIC."
PTEN,NM_000314.8(PTEN):c.802-3dup,Likely benign,splice_region_variant,LOW,,,False,0,"ERROR: Error code: 429 - {'error': {'message': 'Rate limit reached for model `llama-3.3-70b-versatile` in organization `org_01km0k0jznesv9f29y9gpr3v9b` service tier `on_demand` on tokens per day (TPD): Limit 100000, Used 99998, Requested 407. Please try again in 5m49.919999999s. Need more tokens? Upgrade to Dev Tier today at https://console.groq.com/settings/billing', 'type': 'tokens', 'code': 'rate_limit_exceeded'}}"
PTEN,NM_000314.8(PTEN):c.802-4_802-3dup,Likely benign,splice_region_variant,LOW,,,False,0,"ERROR: Error code: 429 - {'error': {'message': 'Rate limit reached for model `llama-3.3-70b-versatile` in organization `org_01km0k0jznesv9f29y9gpr3v9b` service tier `on_demand` on tokens per day (TPD): Limit 100000, Used 99996, Requested 411. Please try again in 5m51.647999999s. Need more tokens? Upgrade to Dev Tier today at https://console.groq.com/settings/billing', 'type': 'tokens', 'code': 'rate_limit_exceeded'}}"
PTEN,NM_000314.8(PTEN):c.802-4_802-3del,Likely benign,splice_region_variant,LOW,,,False,0,"ERROR: Error code: 429 - {'error': {'message': 'Rate limit reached for model `llama-3.3-70b-versatile` in organization `org_01km0k0jznesv9f29y9gpr3v9b` service tier `on_demand` on tokens per day (TPD): Limit 100000, Used 99993, Requested 411. Please try again in 5m49.056s. Need more tokens? Upgrade to Dev Tier today at https://console.groq.com/settings/billing', 'type': 'tokens', 'code': 'rate_limit_exceeded'}}"
PTEN,NM_000314.4(PTEN):c.-1060C>G,Likely benign,upstream_gene_variant,MODIFIER,,,False,0,"ERROR: Error code: 429 - {'error': {'message': 'Rate limit reached for model `llama-3.3-70b-versatile` in organization `org_01km0k0jznesv9f29y9gpr3v9b` service tier `on_demand` on tokens per day (TPD): Limit 100000, Used 99991, Requested 408. Please try again in 5m44.736s. Need more tokens? Upgrade to Dev Tier today at https://console.groq.com/settings/billing', 'type': 'tokens', 'code': 'rate_limit_exceeded'}}"
BRCA1,NM_007294.4(BRCA1):c.4219C>G (p.Leu1407Val),Uncertain significance,missense_variant,MODERATE,0.0,0.578,False,0,"ERROR: Error code: 429 - {'error': {'message': 'Rate limit reached for model `llama-3.3-70b-versatile` in organization `org_01km0k0jznesv9f29y9gpr3v9b` service tier `on_demand` on tokens per day (TPD): Limit 100000, Used 99989, Requested 423. Please try again in 5m55.968s. Need more tokens? Upgrade to Dev Tier today at https://console.groq.com/settings/billing', 'type': 'tokens', 'code': 'rate_limit_exceeded'}}"
BRCA1,NM_007294.4(BRCA1):c.4402A>G (p.Asn1468Asp),Uncertain significance,missense_variant,MODERATE,0.03,0.497,False,0,"ERROR: Error code: 429 - {'error': {'message': 'Rate limit reached for model `llama-3.3-70b-versatile` in organization `org_01km0k0jznesv9f29y9gpr3v9b` service tier `on_demand` on tokens per day (TPD): Limit 100000, Used 99986, Requested 424. Please try again in 5m54.24s. Need more tokens? Upgrade to Dev Tier today at https://console.groq.com/settings/billing', 'type': 'tokens', 'code': 'rate_limit_exceeded'}}"
BRCA1,NM_007294.4(BRCA1):c.4456A>T (p.Ser1486Cys),Uncertain significance,missense_variant,MODERATE,0.0,0.848,False,0,"ERROR: Error code: 429 - {'error': {'message': 'Rate limit reached for model `llama-3.3-70b-versatile` in organization `org_01km0k0jznesv9f29y9gpr3v9b` service tier `on_demand` on tokens per day (TPD): Limit 100000, Used 99984, Requested 424. Please try again in 5m52.512s. Need more tokens? Upgrade to Dev Tier today at https://console.groq.com/settings/billing', 'type': 'tokens', 'code': 'rate_limit_exceeded'}}"
BRCA1,NM_007294.4(BRCA1):c.4807_4821del (p.Pro1603_Val1607del),Uncertain significance,inframe_deletion,MODERATE,,,False,0,"ERROR: Error code: 429 - {'error': {'message': 'Rate limit reached for model `llama-3.3-70b-versatile` in organization `org_01km0k0jznesv9f29y9gpr3v9b` service tier `on_demand` on tokens per day (TPD): Limit 100000, Used 99982, Requested 424. Please try again in 5m50.784s. Need more tokens? Upgrade to Dev Tier today at https://console.groq.com/settings/billing', 'type': 'tokens', 'code': 'rate_limit_exceeded'}}"
BRCA1,NM_007294.4(BRCA1):c.4414C>T (p.Leu1472Phe),Uncertain significance,missense_variant,MODERATE,0.3,0.684,False,0,"ERROR: Error code: 429 - {'error': {'message': 'Rate limit reached for model `llama-3.3-70b-versatile` in organization `org_01km0k0jznesv9f29y9gpr3v9b` service tier `on_demand` on tokens per day (TPD): Limit 100000, Used 99979, Requested 424. Please try again in 5m48.191999999s. Need more tokens? Upgrade to Dev Tier today at https://console.groq.com/settings/billing', 'type': 'tokens', 'code': 'rate_limit_exceeded'}}"
TP53,NM_000546.6(TP53):c.875A>T (p.Lys292Ile),Uncertain significance,missense_variant,MODERATE,0.05,,True,1,"ERROR: Error code: 429 - {'error': {'message': 'Rate limit reached for model `llama-3.3-70b-versatile` in organization `org_01km0k0jznesv9f29y9gpr3v9b` service tier `on_demand` on tokens per day (TPD): Limit 100000, Used 99977, Requested 429. Please try again in 5m50.784s. Need more tokens? Upgrade to Dev Tier today at https://console.groq.com/settings/billing', 'type': 'tokens', 'code': 'rate_limit_exceeded'}}"
TP53,NM_000546.6(TP53):c.718_741del (p.Ser240_Asn247del),Uncertain significance,inframe_deletion,MODERATE,,,False,0,"ERROR: Error code: 429 - {'error': {'message': 'Rate limit reached for model `llama-3.3-70b-versatile` in organization `org_01km0k0jznesv9f29y9gpr3v9b` service tier `on_demand` on tokens per day (TPD): Limit 100000, Used 99974, Requested 420. Please try again in 5m40.416s. Need more tokens? Upgrade to Dev Tier today at https://console.groq.com/settings/billing', 'type': 'tokens', 'code': 'rate_limit_exceeded'}}"
TP53,NM_000546.6(TP53):c.1051A>G (p.Lys351Glu),Uncertain significance,missense_variant,MODERATE,0.08,,True,5,"ERROR: Error code: 429 - {'error': {'message': 'Rate limit reached for model `llama-3.3-70b-versatile` in organization `org_01km0k0jznesv9f29y9gpr3v9b` service tier `on_demand` on tokens per day (TPD): Limit 100000, Used 99972, Requested 448. Please try again in 6m2.88s. Need more tokens? Upgrade to Dev Tier today at https://console.groq.com/settings/billing', 'type': 'tokens', 'code': 'rate_limit_exceeded'}}"
TP53,NM_000546.6(TP53):c.400T>C (p.Phe134Leu),Uncertain significance,missense_variant,MODERATE,0.0,,True,70,"ERROR: Error code: 429 - {'error': {'message': 'Rate limit reached for model `llama-3.3-70b-versatile` in organization `org_01km0k0jznesv9f29y9gpr3v9b` service tier `on_demand` on tokens per day (TPD): Limit 100000, Used 99970, Requested 453. Please try again in 6m5.472s. Need more tokens? Upgrade to Dev Tier today at https://console.groq.com/settings/billing', 'type': 'tokens', 'code': 'rate_limit_exceeded'}}"
TP53,NM_000546.6(TP53):c.-29+4A>C,Uncertain significance,splice_donor_region_variant,LOW,,,False,0,"ERROR: Error code: 429 - {'error': {'message': 'Rate limit reached for model `llama-3.3-70b-versatile` in organization `org_01km0k0jznesv9f29y9gpr3v9b` service tier `on_demand` on tokens per day (TPD): Limit 100000, Used 99967, Requested 411. Please try again in 5m26.592s. Need more tokens? Upgrade to Dev Tier today at https://console.groq.com/settings/billing', 'type': 'tokens', 'code': 'rate_limit_exceeded'}}"
EGFR,NM_005228.5(EGFR):c.2155G>A (p.Gly719Ser),Uncertain significance,missense_variant,MODERATE,0.0,0.999,True,104,"ERROR: Error code: 429 - {'error': {'message': 'Rate limit reached for model `llama-3.3-70b-versatile` in organization `org_01km0k0jznesv9f29y9gpr3v9b` service tier `on_demand` on tokens per day (TPD): Limit 100000, Used 99965, Requested 455. Please try again in 6m2.88s. Need more tokens? Upgrade to Dev Tier today at https://console.groq.com/settings/billing', 'type': 'tokens', 'code': 'rate_limit_exceeded'}}"
EGFR,NM_005228.5(EGFR):c.2065G>C (p.Val689Leu),Uncertain significance,missense_variant,MODERATE,0.0,0.612,True,3,"ERROR: Error code: 429 - {'error': {'message': 'Rate limit reached for model `llama-3.3-70b-versatile` in organization `org_01km0k0jznesv9f29y9gpr3v9b` service tier `on_demand` on tokens per day (TPD): Limit 100000, Used 99963, Requested 443. Please try again in 5m50.784s. Need more tokens? Upgrade to Dev Tier today at https://console.groq.com/settings/billing', 'type': 'tokens', 'code': 'rate_limit_exceeded'}}"
EGFR,NM_005228.5(EGFR):c.2117T>C (p.Ile706Thr),Uncertain significance,missense_variant,MODERATE,0.0,0.993,True,3,"ERROR: Error code: 429 - {'error': {'message': 'Rate limit reached for model `llama-3.3-70b-versatile` in organization `org_01km0k0jznesv9f29y9gpr3v9b` service tier `on_demand` on tokens per day (TPD): Limit 100000, Used 99960, Requested 443. Please try again in 5m48.191999999s. Need more tokens? Upgrade to Dev Tier today at https://console.groq.com/settings/billing', 'type': 'tokens', 'code': 'rate_limit_exceeded'}}"
EGFR,NM_005228.5(EGFR):c.2126A>C (p.Glu709Ala),Uncertain significance,missense_variant,MODERATE,0.0,0.986,True,35,"ERROR: Error code: 429 - {'error': {'message': 'Rate limit reached for model `llama-3.3-70b-versatile` in organization `org_01km0k0jznesv9f29y9gpr3v9b` service tier `on_demand` on tokens per day (TPD): Limit 100000, Used 99958, Requested 456. Please try again in 5m57.696s. Need more tokens? Upgrade to Dev Tier today at https://console.groq.com/settings/billing', 'type': 'tokens', 'code': 'rate_limit_exceeded'}}"
EGFR,NM_005228.5(EGFR):c.2127_2130delinsC (p.Glu709_Thr710delinsAsp),Uncertain significance,protein_altering_variant,MODERATE,,,True,21,"ERROR: Error code: 429 - {'error': {'message': 'Rate limit reached for model `llama-3.3-70b-versatile` in organization `org_01km0k0jznesv9f29y9gpr3v9b` service tier `on_demand` on tokens per day (TPD): Limit 100000, Used 99955, Requested 462. Please try again in 6m0.288s. Need more tokens? Upgrade to Dev Tier today at https://console.groq.com/settings/billing', 'type': 'tokens', 'code': 'rate_limit_exceeded'}}"
KRAS,NM_004985.5(KRAS):c.180T>A (p.Gly60=),Uncertain significance,splice_region_variant,LOW,,,True,16,"ERROR: Error code: 429 - {'error': {'message': 'Rate limit reached for model `llama-3.3-70b-versatile` in organization `org_01km0k0jznesv9f29y9gpr3v9b` service tier `on_demand` on tokens per day (TPD): Limit 100000, Used 99953, Requested 448. Please try again in 5m46.464s. Need more tokens? Upgrade to Dev Tier today at https://console.groq.com/settings/billing', 'type': 'tokens', 'code': 'rate_limit_exceeded'}}"
KRAS,NM_033360.4(KRAS):c.261del (p.Lys88fs),Uncertain significance,frameshift_variant,HIGH,,,False,0,"ERROR: Error code: 429 - {'error': {'message': 'Rate limit reached for model `llama-3.3-70b-versatile` in organization `org_01km0k0jznesv9f29y9gpr3v9b` service tier `on_demand` on tokens per day (TPD): Limit 100000, Used 99951, Requested 412. Please try again in 5m13.632s. Need more tokens? Upgrade to Dev Tier today at https://console.groq.com/settings/billing', 'type': 'tokens', 'code': 'rate_limit_exceeded'}}"
KRAS,NM_004985.5(KRAS):c.491G>A (p.Arg164Gln),Uncertain significance,missense_variant,MODIFIER,,,True,4,"ERROR: Error code: 429 - {'error': {'message': 'Rate limit reached for model `llama-3.3-70b-versatile` in organization `org_01km0k0jznesv9f29y9gpr3v9b` service tier `on_demand` on tokens per day (TPD): Limit 100000, Used 99948, Requested 431. Please try again in 5m27.456s. Need more tokens? Upgrade to Dev Tier today at https://console.groq.com/settings/billing', 'type': 'tokens', 'code': 'rate_limit_exceeded'}}"
KRAS,NM_004985.5(KRAS):c.528GAA[3] (p.Lys180dup),Uncertain significance,inframe_insertion,MODERATE,,,False,0,"ERROR: Error code: 429 - {'error': {'message': 'Rate limit reached for model `llama-3.3-70b-versatile` in organization `org_01km0k0jznesv9f29y9gpr3v9b` service tier `on_demand` on tokens per day (TPD): Limit 100000, Used 99946, Requested 419. Please try again in 5m15.36s. Need more tokens? Upgrade to Dev Tier today at https://console.groq.com/settings/billing', 'type': 'tokens', 'code': 'rate_limit_exceeded'}}"
KRAS,NM_004985.5(KRAS):c.-178C>A,Uncertain significance,5_prime_UTR_variant,MODIFIER,,,False,0,"ERROR: Error code: 429 - {'error': {'message': 'Rate limit reached for model `llama-3.3-70b-versatile` in organization `org_01km0k0jznesv9f29y9gpr3v9b` service tier `on_demand` on tokens per day (TPD): Limit 100000, Used 99944, Requested 411. Please try again in 5m6.72s. Need more tokens? Upgrade to Dev Tier today at https://console.groq.com/settings/billing', 'type': 'tokens', 'code': 'rate_limit_exceeded'}}"
PTEN,NM_000314.8(PTEN):c.55G>A (p.Asp19Asn),Uncertain significance,missense_variant,MODERATE,0.02,0.822,True,2,"ERROR: Error code: 429 - {'error': {'message': 'Rate limit reached for model `llama-3.3-70b-versatile` in organization `org_01km0k0jznesv9f29y9gpr3v9b` service tier `on_demand` on tokens per day (TPD): Limit 100000, Used 99941, Requested 437. Please try again in 5m26.592s. Need more tokens? Upgrade to Dev Tier today at https://console.groq.com/settings/billing', 'type': 'tokens', 'code': 'rate_limit_exceeded'}}"
PTEN,NM_000314.8(PTEN):c.649G>A (p.Val217Ile),Uncertain significance,stop_gained,MODERATE,0.49,0.11,True,1,"ERROR: Error code: 429 - {'error': {'message': 'Rate limit reached for model `llama-3.3-70b-versatile` in organization `org_01km0k0jznesv9f29y9gpr3v9b` service tier `on_demand` on tokens per day (TPD): Limit 100000, Used 99939, Requested 430. Please try again in 5m18.816s. Need more tokens? Upgrade to Dev Tier today at https://console.groq.com/settings/billing', 'type': 'tokens', 'code': 'rate_limit_exceeded'}}"
PTEN,NM_000314.8(PTEN):c.362C>G (p.Ala121Gly),Uncertain significance,missense_variant,MODERATE,0.0,0.969,False,0,"ERROR: Error code: 429 - {'error': {'message': 'Rate limit reached for model `llama-3.3-70b-versatile` in organization `org_01km0k0jznesv9f29y9gpr3v9b` service tier `on_demand` on tokens per day (TPD): Limit 100000, Used 99937, Requested 420. Please try again in 5m8.448s. Need more tokens? Upgrade to Dev Tier today at https://console.groq.com/settings/billing', 'type': 'tokens', 'code': 'rate_limit_exceeded'}}"
PTEN,NM_000314.8(PTEN):c.1026G>C (p.Lys342Asn),Uncertain significance,missense_variant,MODERATE,0.01,0.98,True,4,"ERROR: Error code: 429 - {'error': {'message': 'Rate limit reached for model `llama-3.3-70b-versatile` in organization `org_01km0k0jznesv9f29y9gpr3v9b` service tier `on_demand` on tokens per day (TPD): Limit 100000, Used 99934, Requested 438. Please try again in 5m21.408s. Need more tokens? Upgrade to Dev Tier today at https://console.groq.com/settings/billing', 'type': 'tokens', 'code': 'rate_limit_exceeded'}}"
PTEN,NM_000314.8(PTEN):c.380G>T (p.Gly127Val),Uncertain significance,missense_variant,MODERATE,0.0,1.0,True,11,"ERROR: Error code: 429 - {'error': {'message': 'Rate limit reached for model `llama-3.3-70b-versatile` in organization `org_01km0k0jznesv9f29y9gpr3v9b` service tier `on_demand` on tokens per day (TPD): Limit 100000, Used 99932, Requested 454. Please try again in 5m33.504s. Need more tokens? Upgrade to Dev Tier today at https://console.groq.com/settings/billing', 'type': 'tokens', 'code': 'rate_limit_exceeded'}}"
