Type,Name,GeneSymbol,ClinicalSignificance,PhenotypeList,Chromosome,Start,ReferenceAllele,AlternateAllele,ReviewStatus,significance_clean,consequence,impact,sift_score,polyphen_score,amino_acids,protein_position,annotation_status,protein_change,cosmic_match,cosmic_count,cosmic_mutation_ids,cosmic_phenotypes,cosmic_somatic_status,pubmed_pmids
single nucleotide variant,NM_007294.4(BRCA1):c.190T>G (p.Cys64Gly),BRCA1,Pathogenic,"Breast-ovarian cancer, familial, susceptibility to, 1|Hereditary breast ovarian cancer syndrome|Hereditary cancer-predisposing syndrome|not provided|not specified",17,41258495,na,na,"criteria provided, multiple submitters, no conflicts",Pathogenic,stop_lost,MODERATE,0.0,0.781,C/G,64.0,success,C64G,False,0,,,,
single nucleotide variant,NM_007294.4(BRCA1):c.190T>G (p.Cys64Gly),BRCA1,Pathogenic,"Breast-ovarian cancer, familial, susceptibility to, 1|Hereditary breast ovarian cancer syndrome|Hereditary cancer-predisposing syndrome|not provided|not specified",17,43106478,na,na,"criteria provided, multiple submitters, no conflicts",Pathogenic,stop_lost,MODERATE,0.0,0.781,C/G,64.0,success,C64G,False,0,,,,
Insertion,"BRCA1, 6-KB DUP, EX13",BRCA1,Pathogenic,"Breast-ovarian cancer, familial, susceptibility to, 1",na,-1,na,na,no assertion criteria provided,Pathogenic,copy_number_variation,HIGH,,,,,manual,,False,0,,,,
single nucleotide variant,NM_007294.4(BRCA1):c.116G>A (p.Cys39Tyr),BRCA1,Pathogenic,"Breast-ovarian cancer, familial, susceptibility to, 1|Hereditary cancer-predisposing syndrome|not provided|Hereditary breast ovarian cancer syndrome|Breast neoplasm|Malignant tumor of urinary bladder",17,41267761,na,na,"criteria provided, multiple submitters, no conflicts",Pathogenic,missense_variant,MODERATE,0.0,0.884,C/Y,39.0,success,C39Y,False,0,,,,
single nucleotide variant,NM_007294.4(BRCA1):c.116G>A (p.Cys39Tyr),BRCA1,Pathogenic,"Breast-ovarian cancer, familial, susceptibility to, 1|Hereditary cancer-predisposing syndrome|not provided|Hereditary breast ovarian cancer syndrome|Breast neoplasm|Malignant tumor of urinary bladder",17,43115744,na,na,"criteria provided, multiple submitters, no conflicts",Pathogenic,missense_variant,MODERATE,0.0,0.884,C/Y,39.0,success,C39Y,False,0,,,,
single nucleotide variant,NM_007294.4(BRCA1):c.116G>T (p.Cys39Phe),BRCA1,Pathogenic/Likely pathogenic,"Breast-ovarian cancer, familial, susceptibility to, 1|Hereditary breast ovarian cancer syndrome|Hereditary cancer-predisposing syndrome|Breast and/or ovarian cancer|Inherited ovarian cancer (without breast cancer)",17,41267761,na,na,"criteria provided, multiple submitters, no conflicts",Likely pathogenic,missense_variant,MODERATE,0.0,0.845,C/F,39.0,success,C39F,False,0,,,,
single nucleotide variant,NM_007294.4(BRCA1):c.116G>T (p.Cys39Phe),BRCA1,Pathogenic/Likely pathogenic,"Breast-ovarian cancer, familial, susceptibility to, 1|Hereditary breast ovarian cancer syndrome|Hereditary cancer-predisposing syndrome|Breast and/or ovarian cancer|Inherited ovarian cancer (without breast cancer)",17,43115744,na,na,"criteria provided, multiple submitters, no conflicts",Likely pathogenic,missense_variant,MODERATE,0.0,0.845,C/F,39.0,success,C39F,False,0,,,,
Deletion,NM_007294.4(BRCA1):c.1175_1216del (p.Leu392_Asn406delinsHis),BRCA1,Pathogenic,"Breast-ovarian cancer, familial, susceptibility to, 1",17,41246332,na,na,no assertion criteria provided,Pathogenic,inframe_deletion,MODIFIER,,,,,success,L392_N406DELINSH,False,0,,,,
Deletion,NM_007294.4(BRCA1):c.1175_1216del (p.Leu392_Asn406delinsHis),BRCA1,Pathogenic,"Breast-ovarian cancer, familial, susceptibility to, 1",17,43094315,na,na,no assertion criteria provided,Pathogenic,inframe_deletion,MODIFIER,,,,,success,L392_N406DELINSH,False,0,,,,
single nucleotide variant,NM_007294.4(BRCA1):c.134+5G>C,BRCA1,Pathogenic/Likely pathogenic,"Breast-ovarian cancer, familial, susceptibility to, 1|Hereditary cancer-predisposing syndrome|not provided|Hereditary breast ovarian cancer syndrome",17,41267738,na,na,"criteria provided, multiple submitters, no conflicts",Likely pathogenic,splice_donor_5th_base_variant,LOW,,,,,success,,False,0,,,,
single nucleotide variant,NM_000546.6(TP53):c.772G>A (p.Glu258Lys),TP53,Pathogenic/Likely pathogenic,Li-Fraumeni syndrome 1|not provided|not specified|Hereditary cancer-predisposing syndrome|Ovarian neoplasm|Li-Fraumeni syndrome|Neoplasm,17,7577509,na,na,"criteria provided, multiple submitters, no conflicts",Likely pathogenic,missense_variant,MODERATE,0.0,,E/K,258.0,success,E258K,True,107,COSV52684909;COSV53551282,COSO28864826;COSO30664830;COSO29324830;COSO28664862;COSO29026529,Reported in another cancer sample as somatic,24599305.0;10962443.0;25056374.0;10697269.0;8272291.0
single nucleotide variant,NM_000546.6(TP53):c.772G>A (p.Glu258Lys),TP53,Pathogenic/Likely pathogenic,Li-Fraumeni syndrome 1|not provided|not specified|Hereditary cancer-predisposing syndrome|Ovarian neoplasm|Li-Fraumeni syndrome|Neoplasm,17,7674191,na,na,"criteria provided, multiple submitters, no conflicts",Likely pathogenic,missense_variant,MODERATE,0.0,,E/K,258.0,success,E258K,True,107,COSV52684909;COSV53551282,COSO28864826;COSO30664830;COSO29324830;COSO28664862;COSO29026529,Reported in another cancer sample as somatic,24599305.0;10962443.0;25056374.0;10697269.0;8272291.0
single nucleotide variant,NM_000546.6(TP53):c.733G>T (p.Gly245Cys),TP53,Pathogenic,Li-Fraumeni syndrome 1|not provided|Hereditary cancer-predisposing syndrome|Li-Fraumeni syndrome|Breast and/or ovarian cancer|Neoplasm|Ovarian mucinous adenocarcinoma,17,7577548,na,na,"criteria provided, multiple submitters, no conflicts",Pathogenic,missense_variant,MODERATE,0.0,,G/C,245.0,success,G245C,True,122,COSV52661744,COSO29914826;COSO29915333;COSO29915674;COSO31394830;COSO27964826,Reported in another cancer sample as somatic,28481359.0;22696596.0;8934544.0;11531258.0;28548125.0
single nucleotide variant,NM_000546.6(TP53):c.733G>T (p.Gly245Cys),TP53,Pathogenic,Li-Fraumeni syndrome 1|not provided|Hereditary cancer-predisposing syndrome|Li-Fraumeni syndrome|Breast and/or ovarian cancer|Neoplasm|Ovarian mucinous adenocarcinoma,17,7674230,na,na,"criteria provided, multiple submitters, no conflicts",Pathogenic,missense_variant,MODERATE,0.0,,G/C,245.0,success,G245C,True,122,COSV52661744,COSO29914826;COSO29915333;COSO29915674;COSO31394830;COSO27964826,Reported in another cancer sample as somatic,28481359.0;22696596.0;8934544.0;11531258.0;28548125.0
single nucleotide variant,NM_000546.6(TP53):c.747G>T (p.Arg249Ser),TP53,Pathogenic/Likely pathogenic,Hepatocellular carcinoma|Cervical cancer|Li-Fraumeni syndrome|Hereditary cancer-predisposing syndrome|Ovarian neoplasm|Squamous cell carcinoma of the head and neck|not provided|Adrenal cortex carcinoma|Li-Fraumeni syndrome 1|Neoplasm,17,7577534,na,na,"criteria provided, multiple submitters, no conflicts",Likely pathogenic,missense_variant,MODERATE,0.01,,R/S,249.0,success,R249S,True,253,COSV52661594;COSV52668882,COSO298220775;COSO29914826;COSO29825606;COSO31394830;COSO29824888,Reported in another cancer sample as somatic,29976634.0;31534501.0;16078640.0;26873401.0;27248174.0
single nucleotide variant,NM_000546.6(TP53):c.747G>T (p.Arg249Ser),TP53,Pathogenic/Likely pathogenic,Hepatocellular carcinoma|Cervical cancer|Li-Fraumeni syndrome|Hereditary cancer-predisposing syndrome|Ovarian neoplasm|Squamous cell carcinoma of the head and neck|not provided|Adrenal cortex carcinoma|Li-Fraumeni syndrome 1|Neoplasm,17,7674216,na,na,"criteria provided, multiple submitters, no conflicts",Likely pathogenic,missense_variant,MODERATE,0.01,,R/S,249.0,success,R249S,True,253,COSV52661594;COSV52668882,COSO298220775;COSO29914826;COSO29825606;COSO31394830;COSO29824888,Reported in another cancer sample as somatic,29976634.0;31534501.0;16078640.0;26873401.0;27248174.0
single nucleotide variant,NM_000546.6(TP53):c.469G>T (p.Val157Phe),TP53,Pathogenic/Likely pathogenic,Hepatocellular carcinoma|Hereditary cancer-predisposing syndrome|Li-Fraumeni syndrome|Ovarian neoplasm|Li-Fraumeni syndrome 1|Squamous cell carcinoma|Neoplasm|not provided,17,7578461,na,na,"criteria provided, multiple submitters, no conflicts",Likely pathogenic,missense_variant,MODERATE,0.0,,V/F,157.0,success,V157F,True,282,COSV52667015;COSV105030410;COSV109411328,COSO30135468;COSO29825602;COSO36286294;COSO31394830;COSO29915674,Reported in another cancer sample as somatic,21720365.0;7896446.0;29615459.0;11857392.0;1310070.0
single nucleotide variant,NM_000546.6(TP53):c.469G>T (p.Val157Phe),TP53,Pathogenic/Likely pathogenic,Hepatocellular carcinoma|Hereditary cancer-predisposing syndrome|Li-Fraumeni syndrome|Ovarian neoplasm|Li-Fraumeni syndrome 1|Squamous cell carcinoma|Neoplasm|not provided,17,7675143,na,na,"criteria provided, multiple submitters, no conflicts",Likely pathogenic,missense_variant,MODERATE,0.0,,V/F,157.0,success,V157F,True,282,COSV52667015;COSV105030410;COSV109411328,COSO30135468;COSO29825602;COSO36286294;COSO31394830;COSO29915674,Reported in another cancer sample as somatic,21720365.0;7896446.0;29615459.0;11857392.0;1310070.0
single nucleotide variant,NM_000546.6(TP53):c.725G>A (p.Cys242Tyr),TP53,Pathogenic/Likely pathogenic,Li-fraumeni-like syndrome|Hereditary cancer-predisposing syndrome|Li-Fraumeni syndrome|Ovarian neoplasm|Familial cancer of breast|not provided|Li-Fraumeni syndrome 1,17,7577556,na,na,"criteria provided, multiple submitters, no conflicts",Likely pathogenic,missense_variant,MODERATE,0.0,,C/Y,242.0,success,C242Y,True,99,COSV52661189,COSO27964881;COSO31394830;COSO28394862;COSO299110404;COSO29824888,Reported in another cancer sample as somatic,21533174.0;27535334.0;29535388.0;11079169.0;26503331.0
single nucleotide variant,NM_000546.6(TP53):c.725G>A (p.Cys242Tyr),TP53,Pathogenic/Likely pathogenic,Li-fraumeni-like syndrome|Hereditary cancer-predisposing syndrome|Li-Fraumeni syndrome|Ovarian neoplasm|Familial cancer of breast|not provided|Li-Fraumeni syndrome 1,17,7674238,na,na,"criteria provided, multiple submitters, no conflicts",Likely pathogenic,missense_variant,MODERATE,0.0,,C/Y,242.0,success,C242Y,True,99,COSV52661189,COSO27964881;COSO31394830;COSO28394862;COSO299110404;COSO29824888,Reported in another cancer sample as somatic,21533174.0;27535334.0;29535388.0;11079169.0;26503331.0
single nucleotide variant,NM_005228.5(EGFR):c.2155G>T (p.Gly719Cys),EGFR,Pathogenic; drug response,"Nonsmall cell lung cancer, response to tyrosine kinase inhibitor in, somatic|Non-small cell lung carcinoma",7,55241707,na,na,no assertion criteria provided,Pathogenic,missense_variant,MODERATE,0.0,1.0,G/C,719.0,success,G719C,True,76,COSV51766606;COSV51788343,COSO29915674;COSO29914826;COSO30105680;COSO30014867;COSO29915645,Reported in another cancer sample as somatic,28744312.0;28481359.0;15681531.0;24569782.0;30121391.0
single nucleotide variant,NM_005228.5(EGFR):c.2155G>T (p.Gly719Cys),EGFR,Pathogenic; drug response,"Nonsmall cell lung cancer, response to tyrosine kinase inhibitor in, somatic|Non-small cell lung carcinoma",7,55174014,na,na,no assertion criteria provided,Pathogenic,missense_variant,MODERATE,0.0,1.0,G/C,719.0,success,G719C,True,76,COSV51766606;COSV51788343,COSO29915674;COSO29914826;COSO30105680;COSO30014867;COSO29915645,Reported in another cancer sample as somatic,28744312.0;28481359.0;15681531.0;24569782.0;30121391.0
Deletion,NM_005228.5(EGFR):c.2127_2129del (p.Glu709_Thr710delinsAsp),EGFR,Pathogenic,Non-small cell lung carcinoma,7,55241679,na,na,"criteria provided, single submitter",Pathogenic,inframe_deletion,MODERATE,,,ET/D,709.0,success,E709_T710DELINSD,True,21,COSV51779132,COSO29914826;COSO29974826;COSO29915674;COSO29915643;COSO29934826,Reported in another cancer sample as somatic,24722155.0;28481359.0;30121391.0;31534501.0;22980975.0
Deletion,NM_005228.5(EGFR):c.2127_2129del (p.Glu709_Thr710delinsAsp),EGFR,Pathogenic,Non-small cell lung carcinoma,7,55173986,na,na,"criteria provided, single submitter",Pathogenic,inframe_deletion,MODERATE,,,ET/D,709.0,success,E709_T710DELINSD,True,21,COSV51779132,COSO29914826;COSO29974826;COSO29915674;COSO29915643;COSO29934826,Reported in another cancer sample as somatic,24722155.0;28481359.0;30121391.0;31534501.0;22980975.0
single nucleotide variant,NM_005228.5(EGFR):c.2156G>C (p.Gly719Ala),EGFR,Pathogenic,Non-small cell lung carcinoma|Neoplasm,7,55241708,na,na,"criteria provided, single submitter",Pathogenic,missense_variant,MODERATE,0.0,0.995,G/A,719.0,success,G719A,True,135,COSV51769339;COSV109593852,COSO29915674;COSO29914826;COSO29914830;COSO30014826;COSO300121907,Reported in another cancer sample as somatic,15710947.0;19724844.0;28481359.0;27923066.0;31386689.0
single nucleotide variant,NM_005228.5(EGFR):c.2156G>C (p.Gly719Ala),EGFR,Pathogenic,Non-small cell lung carcinoma|Neoplasm,7,55174015,na,na,"criteria provided, single submitter",Pathogenic,missense_variant,MODERATE,0.0,0.995,G/A,719.0,success,G719A,True,135,COSV51769339;COSV109593852,COSO29915674;COSO29914826;COSO29914830;COSO30014826;COSO300121907,Reported in another cancer sample as somatic,15710947.0;19724844.0;28481359.0;27923066.0;31386689.0
single nucleotide variant,NM_005228.5(EGFR):c.2303G>T (p.Ser768Ile),EGFR,Pathogenic,Non-small cell lung carcinoma|Neoplasm,7,55249005,na,na,"criteria provided, single submitter",Pathogenic,missense_variant,MODERATE,0.0,0.998,S/I,768.0,success,S768I,True,120,COSV51768106,COSO299521574;COSO29915674;COSO29914826;COSO30014867;COSO29914862,Reported in another cancer sample as somatic,33400370.0;28744312.0;28481359.0;15998907.0;31534501.0
single nucleotide variant,NM_005228.5(EGFR):c.2303G>T (p.Ser768Ile),EGFR,Pathogenic,Non-small cell lung carcinoma|Neoplasm,7,55181312,na,na,"criteria provided, single submitter",Pathogenic,missense_variant,MODERATE,0.0,0.998,S/I,768.0,success,S768I,True,120,COSV51768106,COSO299521574;COSO29915674;COSO29914826;COSO30014867;COSO29914862,Reported in another cancer sample as somatic,33400370.0;28744312.0;28481359.0;15998907.0;31534501.0
Indel,NM_005228.5(EGFR):c.2303_2304delinsTT (p.Ser768Ile),EGFR,Pathogenic,Non-small cell lung carcinoma,7,55249005,na,na,"criteria provided, single submitter",Pathogenic,missense_variant,MODERATE,0.0,0.998,S/I,768.0,success,S768I,True,120,COSV51768106,COSO299521574;COSO29915674;COSO29914826;COSO30014867;COSO29914862,Reported in another cancer sample as somatic,33400370.0;28744312.0;28481359.0;15998907.0;31534501.0
Indel,NM_005228.5(EGFR):c.2303_2304delinsTT (p.Ser768Ile),EGFR,Pathogenic,Non-small cell lung carcinoma,7,55181312,na,na,"criteria provided, single submitter",Pathogenic,missense_variant,MODERATE,0.0,0.998,S/I,768.0,success,S768I,True,120,COSV51768106,COSO299521574;COSO29915674;COSO29914826;COSO30014867;COSO29914862,Reported in another cancer sample as somatic,33400370.0;28744312.0;28481359.0;15998907.0;31534501.0
single nucleotide variant,NM_004985.5(KRAS):c.34G>C (p.Gly12Arg),KRAS,Pathogenic/Likely pathogenic,Squamous cell lung carcinoma|Malignant tumor of urinary bladder|Non-small cell lung carcinoma|not provided|RASopathy|Neoplasm|Adenoid cystic carcinoma,12,25398285,na,na,"criteria provided, multiple submitters, no conflicts",Likely pathogenic,missense_variant,MODERATE,0.01,,G/R,12.0,success,G12R,True,643,COSV55497582;COSV55539054,COSO29005278;COSO29915674;COSO30135797;COSO27985184;COSO29004851,Reported in another cancer sample as somatic,8439212.0;20824720.0;1773797.0;23618693.0;8384077.0
single nucleotide variant,NM_004985.5(KRAS):c.34G>C (p.Gly12Arg),KRAS,Pathogenic/Likely pathogenic,Squamous cell lung carcinoma|Malignant tumor of urinary bladder|Non-small cell lung carcinoma|not provided|RASopathy|Neoplasm|Adenoid cystic carcinoma,12,25245351,na,na,"criteria provided, multiple submitters, no conflicts",Likely pathogenic,missense_variant,MODERATE,0.01,,G/R,12.0,success,G12R,True,643,COSV55497582;COSV55539054,COSO29005278;COSO29915674;COSO30135797;COSO27985184;COSO29004851,Reported in another cancer sample as somatic,8439212.0;20824720.0;1773797.0;23618693.0;8384077.0
single nucleotide variant,NM_004985.5(KRAS):c.38G>A (p.Gly13Asp),KRAS,Pathogenic,"Breast adenocarcinoma|Non-small cell lung carcinoma|Juvenile myelomonocytic leukemia|Autoimmune lymphoproliferative syndrome type 4|OCULOECTODERMAL SYNDROME, SOMATIC|not provided|Inborn genetic diseases|Nevus sebaceous|Noonan syndrome and Noonan-related syndrome|Encephalocraniocutaneous lipomatosis|RASopathy|Neoplasm|KRAS-related disorder|Familial pancreatic carcinoma|Melanoma|Acute myeloid leukemia|Malignant tumor of urinary bladder|Cervical cancer|Colorectal cancer|Adenocarcinoma of the large intestine|Embryonal rhabdomyosarcoma|Diffuse midline glioma, H3 K27M-mutant",12,25398281,na,na,"criteria provided, multiple submitters, no conflicts",Pathogenic,missense_variant,MODERATE,0.04,,G/D,13.0,success,G13D,True,1310,COSV55497388;COSV55508630,COSO28864826;COSO27984916;COSO36004862;COSO27984905;COSO28914826,Reported in another cancer sample as somatic,20098682.0;20398393.0;21380628.0;36966135.0;27276561.0
single nucleotide variant,NM_004985.5(KRAS):c.38G>A (p.Gly13Asp),KRAS,Pathogenic,"Breast adenocarcinoma|Non-small cell lung carcinoma|Juvenile myelomonocytic leukemia|Autoimmune lymphoproliferative syndrome type 4|OCULOECTODERMAL SYNDROME, SOMATIC|not provided|Inborn genetic diseases|Nevus sebaceous|Noonan syndrome and Noonan-related syndrome|Encephalocraniocutaneous lipomatosis|RASopathy|Neoplasm|KRAS-related disorder|Familial pancreatic carcinoma|Melanoma|Acute myeloid leukemia|Malignant tumor of urinary bladder|Cervical cancer|Colorectal cancer|Adenocarcinoma of the large intestine|Embryonal rhabdomyosarcoma|Diffuse midline glioma, H3 K27M-mutant",12,25245347,na,na,"criteria provided, multiple submitters, no conflicts",Pathogenic,missense_variant,MODERATE,0.04,,G/D,13.0,success,G13D,True,1310,COSV55497388;COSV55508630,COSO28864826;COSO27984916;COSO36004862;COSO27984905;COSO28914826,Reported in another cancer sample as somatic,20098682.0;20398393.0;21380628.0;36966135.0;27276561.0
single nucleotide variant,NM_033360.4(KRAS):c.175G>A (p.Ala59Thr),KRAS,Pathogenic,"Bladder cancer, transitional cell, somatic",12,25380283,na,na,no assertion criteria provided,Pathogenic,missense_variant,MODERATE,0.03,,A/T,59.0,success,A59T,True,39,COSV55499283,COSO1028010553;COSO28864826;COSO36004826;COSO29026529;COSO28584826,Reported in another cancer sample as somatic,24369359.0;24755471.0;31217897.0;34680263.0;29937994.0
single nucleotide variant,NM_033360.4(KRAS):c.175G>A (p.Ala59Thr),KRAS,Pathogenic,"Bladder cancer, transitional cell, somatic",12,25227349,na,na,no assertion criteria provided,Pathogenic,missense_variant,MODERATE,0.03,,A/T,59.0,success,A59T,True,39,COSV55499283,COSO1028010553;COSO28864826;COSO36004826;COSO29026529;COSO28584826,Reported in another cancer sample as somatic,24369359.0;24755471.0;31217897.0;34680263.0;29937994.0
single nucleotide variant,NM_004985.5(KRAS):c.35G>A (p.Gly12Asp),KRAS,Pathogenic/Likely pathogenic,"Carcinoma of pancreas|Epidermal nevus|Nevus sebaceous|Linear nevus sebaceous syndrome|Juvenile myelomonocytic leukemia|Autoimmune lymphoproliferative syndrome type 4|Non-small cell lung carcinoma|Ovarian neoplasm|not provided|Acute myeloid leukemia|RASopathy|Cerebral arteriovenous malformation|Vascular Tumors Including Pyogenic Granuloma|Primary low grade serous adenocarcinoma of ovary|Capillary malformation-arteriovenous malformation 1|Encephalocraniocutaneous lipomatosis|Gastric cancer|Atypical endometrial hyperplasia;Endometrial hyperplasia without atypia|Cardiovascular phenotype|Congenital Pulmonary Airway Malformations|Neoplasm|12 conditions|Embryonal rhabdomyosarcoma|Papillary thyroid carcinoma|Alveolar rhabdomyosarcoma|Diffuse pediatric-type high-grade glioma, H3-wildtype and IDH-wildtype|Colorectal cancer|Medulloblastoma non-WNT/non-SHH|Glioma|Adenocarcinoma of the large intestine|Ovarian mucinous adenocarcinoma|Precursor B-cell acute lymphoblastic leukemia|Diffuse midline glioma, H3 K27M-mutant",12,25398284,na,na,"criteria provided, multiple submitters, no conflicts",Likely pathogenic,missense_variant,MODERATE,0.04,,G/D,12.0,success,G12D,True,2527,COSV55497369;COSV55865099,COSO28864837;COSO29024826;COSO29005278;COSO28615307;COSO28864826,Reported in another cancer sample as somatic,9014854.0;8600078.0;1741644.0;1453686.0;10767714.0
single nucleotide variant,NM_004985.5(KRAS):c.35G>A (p.Gly12Asp),KRAS,Pathogenic/Likely pathogenic,"Carcinoma of pancreas|Epidermal nevus|Nevus sebaceous|Linear nevus sebaceous syndrome|Juvenile myelomonocytic leukemia|Autoimmune lymphoproliferative syndrome type 4|Non-small cell lung carcinoma|Ovarian neoplasm|not provided|Acute myeloid leukemia|RASopathy|Cerebral arteriovenous malformation|Vascular Tumors Including Pyogenic Granuloma|Primary low grade serous adenocarcinoma of ovary|Capillary malformation-arteriovenous malformation 1|Encephalocraniocutaneous lipomatosis|Gastric cancer|Atypical endometrial hyperplasia;Endometrial hyperplasia without atypia|Cardiovascular phenotype|Congenital Pulmonary Airway Malformations|Neoplasm|12 conditions|Embryonal rhabdomyosarcoma|Papillary thyroid carcinoma|Alveolar rhabdomyosarcoma|Diffuse pediatric-type high-grade glioma, H3-wildtype and IDH-wildtype|Colorectal cancer|Medulloblastoma non-WNT/non-SHH|Glioma|Adenocarcinoma of the large intestine|Ovarian mucinous adenocarcinoma|Precursor B-cell acute lymphoblastic leukemia|Diffuse midline glioma, H3 K27M-mutant",12,25245350,na,na,"criteria provided, multiple submitters, no conflicts",Likely pathogenic,missense_variant,MODERATE,0.04,,G/D,12.0,success,G12D,True,2527,COSV55497369;COSV55865099,COSO28864837;COSO29024826;COSO29005278;COSO28615307;COSO28864826,Reported in another cancer sample as somatic,9014854.0;8600078.0;1741644.0;1453686.0;10767714.0
single nucleotide variant,NM_004985.5(KRAS):c.35G>T (p.Gly12Val),KRAS,Pathogenic,"Carcinoma of pancreas|Nevus sebaceous|not provided|Juvenile myelomonocytic leukemia|Non-small cell lung carcinoma|Cerebral arteriovenous malformation|Chronic myelogenous leukemia, BCR-ABL1 positive|Lung sarcomatoid carcinoma|Linear nevus sebaceous syndrome|RASopathy|Neoplasm|Colorectal cancer|Ovarian mucinous adenocarcinoma|Adenocarcinoma of the large intestine|Germinoma",12,25398284,na,na,"criteria provided, multiple submitters, no conflicts",Pathogenic,missense_variant,MODERATE,0.0,,G/V,12.0,success,G12V,True,2122,COSV55497419;COSV55556696;COSV55588774,COSO28864826;COSO29005278;COSO28864837;COSO28584826;COSO29915645,Reported in another cancer sample as somatic,9327152.0;9135016.0;9361177.0;21206494.0;21224376.0
single nucleotide variant,NM_004985.5(KRAS):c.35G>T (p.Gly12Val),KRAS,Pathogenic,"Carcinoma of pancreas|Nevus sebaceous|not provided|Juvenile myelomonocytic leukemia|Non-small cell lung carcinoma|Cerebral arteriovenous malformation|Chronic myelogenous leukemia, BCR-ABL1 positive|Lung sarcomatoid carcinoma|Linear nevus sebaceous syndrome|RASopathy|Neoplasm|Colorectal cancer|Ovarian mucinous adenocarcinoma|Adenocarcinoma of the large intestine|Germinoma",12,25245350,na,na,"criteria provided, multiple submitters, no conflicts",Pathogenic,missense_variant,MODERATE,0.0,,G/V,12.0,success,G12V,True,2122,COSV55497419;COSV55556696;COSV55588774,COSO28864826;COSO29005278;COSO28864837;COSO28584826;COSO29915645,Reported in another cancer sample as somatic,9327152.0;9135016.0;9361177.0;21206494.0;21224376.0
single nucleotide variant,NM_000314.8(PTEN):c.386G>A (p.Gly129Glu),PTEN,Pathogenic/Likely pathogenic,Cowden syndrome 1|PTEN hamartoma tumor syndrome|not provided|Hereditary cancer-predisposing syndrome|Malignant tumor of urinary bladder|Neoplasm,10,89692902,na,na,"criteria provided, multiple submitters, no conflicts",Likely pathogenic,missense_variant,MODERATE,0.0,1.0,G/E,129.0,success,G129E,True,16,COSV64291659,COSO28514830;COSO326611080;COSO29914830;COSO283911696;COSO28245232,Confirmed somatic variant,28186096.0;31645765.0;24265153.0;26359337.0;22653804.0
single nucleotide variant,NM_000314.8(PTEN):c.386G>A (p.Gly129Glu),PTEN,Pathogenic/Likely pathogenic,Cowden syndrome 1|PTEN hamartoma tumor syndrome|not provided|Hereditary cancer-predisposing syndrome|Malignant tumor of urinary bladder|Neoplasm,10,87933145,na,na,"criteria provided, multiple submitters, no conflicts",Likely pathogenic,missense_variant,MODERATE,0.0,1.0,G/E,129.0,success,G129E,True,16,COSV64291659,COSO28514830;COSO326611080;COSO29914830;COSO283911696;COSO28245232,Confirmed somatic variant,28186096.0;31645765.0;24265153.0;26359337.0;22653804.0
single nucleotide variant,NM_000314.8(PTEN):c.697C>T (p.Arg233Ter),PTEN,Pathogenic/Likely pathogenic,Cowden syndrome 1|PTEN hamartoma tumor syndrome|Hereditary cancer-predisposing syndrome|not provided|Macrocephaly-autism syndrome|Cowden syndrome|Ovarian neoplasm|Abnormal cardiovascular system morphology|Gastric cancer|Glioma susceptibility 2|PTEN-related disorder|Neoplasm,10,89717672,na,na,"criteria provided, multiple submitters, no conflicts",Likely pathogenic,stop_gained,HIGH,,,R/*,233.0,success,R233*,True,150,COSV64288653;COSV64306382;COSV99058020,COSO29025463;COSO28864826;COSO36286719;COSO27814826;COSO27984908,Confirmed somatic variant,22653804.0;27149842.0;28481359.0;25526346.0;33016334.0
single nucleotide variant,NM_000314.8(PTEN):c.697C>T (p.Arg233Ter),PTEN,Pathogenic/Likely pathogenic,Cowden syndrome 1|PTEN hamartoma tumor syndrome|Hereditary cancer-predisposing syndrome|not provided|Macrocephaly-autism syndrome|Cowden syndrome|Ovarian neoplasm|Abnormal cardiovascular system morphology|Gastric cancer|Glioma susceptibility 2|PTEN-related disorder|Neoplasm,10,87957915,na,na,"criteria provided, multiple submitters, no conflicts",Likely pathogenic,stop_gained,HIGH,,,R/*,233.0,success,R233*,True,150,COSV64288653;COSV64306382;COSV99058020,COSO29025463;COSO28864826;COSO36286719;COSO27814826;COSO27984908,Confirmed somatic variant,22653804.0;27149842.0;28481359.0;25526346.0;33016334.0
Deletion,NM_000314.8(PTEN):c.347_351del (p.Asp116fs),PTEN,Pathogenic,Cowden syndrome 1|PTEN hamartoma tumor syndrome,10,89692863,na,na,"criteria provided, multiple submitters, no conflicts",Pathogenic,frameshift_variant,HIGH,,,DN/X,116.0,success,D116FS,False,0,,,,
Deletion,NM_000314.8(PTEN):c.347_351del (p.Asp116fs),PTEN,Pathogenic,Cowden syndrome 1|PTEN hamartoma tumor syndrome,10,87933106,na,na,"criteria provided, multiple submitters, no conflicts",Pathogenic,frameshift_variant,HIGH,,,DN/X,116.0,success,D116FS,False,0,,,,
single nucleotide variant,NM_000314.8(PTEN):c.388C>T (p.Arg130Ter),PTEN,Pathogenic,Macrocephaly-autism syndrome|Cowden syndrome 1|not provided|Hereditary cancer-predisposing syndrome|PTEN hamartoma tumor syndrome|Ovarian neoplasm|Rhabdomyosarcoma|Abnormal cardiovascular system morphology|Glioma susceptibility 2|Cowden syndrome 1;Glioma susceptibility 2;Prostate cancer;Familial meningioma;Macrocephaly-autism syndrome|Gastric cancer|Cowden syndrome 1;Macrocephaly-autism syndrome|PTEN-related disorder|Neoplasm|Cowden syndrome|Cowden syndrome 1;Familial prostate cancer;Glioma susceptibility 2;Familial meningioma;Macrocephaly-autism syndrome|Colorectal cancer,10,89692904,na,na,"criteria provided, multiple submitters, no conflicts",Pathogenic,stop_gained,HIGH,,,R/*,130.0,success,R130*,True,125,COSV64288463,COSO29025463;COSO28395278;COSO29294830;COSO27984908;COSO28864826,Confirmed somatic variant,22653804.0;30205045.0;27442865.0;28671688.0;18500270.0
single nucleotide variant,NM_000314.8(PTEN):c.388C>T (p.Arg130Ter),PTEN,Pathogenic,Macrocephaly-autism syndrome|Cowden syndrome 1|not provided|Hereditary cancer-predisposing syndrome|PTEN hamartoma tumor syndrome|Ovarian neoplasm|Rhabdomyosarcoma|Abnormal cardiovascular system morphology|Glioma susceptibility 2|Cowden syndrome 1;Glioma susceptibility 2;Prostate cancer;Familial meningioma;Macrocephaly-autism syndrome|Gastric cancer|Cowden syndrome 1;Macrocephaly-autism syndrome|PTEN-related disorder|Neoplasm|Cowden syndrome|Cowden syndrome 1;Familial prostate cancer;Glioma susceptibility 2;Familial meningioma;Macrocephaly-autism syndrome|Colorectal cancer,10,87933147,na,na,"criteria provided, multiple submitters, no conflicts",Pathogenic,stop_gained,HIGH,,,R/*,130.0,success,R130*,True,125,COSV64288463,COSO29025463;COSO28395278;COSO29294830;COSO27984908;COSO28864826,Confirmed somatic variant,22653804.0;30205045.0;27442865.0;28671688.0;18500270.0
single nucleotide variant,NM_000314.8(PTEN):c.253+1G>A,PTEN,Pathogenic,Endometrial carcinoma|Cowden syndrome 1|not provided|PTEN hamartoma tumor syndrome|Hereditary cancer-predisposing syndrome|Neoplasm|Glioma susceptibility 2,10,89690847,na,na,"criteria provided, multiple submitters, no conflicts",Pathogenic,splice_donor_variant,HIGH,,,,,success,,False,0,,,,
single nucleotide variant,NM_000314.8(PTEN):c.253+1G>A,PTEN,Pathogenic,Endometrial carcinoma|Cowden syndrome 1|not provided|PTEN hamartoma tumor syndrome|Hereditary cancer-predisposing syndrome|Neoplasm|Glioma susceptibility 2,10,87931090,na,na,"criteria provided, multiple submitters, no conflicts",Pathogenic,splice_donor_variant,HIGH,,,,,success,,False,0,,,,
single nucleotide variant,NM_007294.4(BRCA1):c.2207A>C (p.Glu736Ala),BRCA1,Benign/Likely benign,"Breast-ovarian cancer, familial, susceptibility to, 1|Hereditary cancer-predisposing syndrome|not specified|not provided|Hereditary breast ovarian cancer syndrome|Malignant tumor of breast",17,41245341,na,na,"criteria provided, multiple submitters, no conflicts",Likely benign,missense_variant,MODIFIER,,,,,success,E736A,False,0,,,,
single nucleotide variant,NM_007294.4(BRCA1):c.2207A>C (p.Glu736Ala),BRCA1,Benign/Likely benign,"Breast-ovarian cancer, familial, susceptibility to, 1|Hereditary cancer-predisposing syndrome|not specified|not provided|Hereditary breast ovarian cancer syndrome|Malignant tumor of breast",17,43093324,na,na,"criteria provided, multiple submitters, no conflicts",Likely benign,missense_variant,MODIFIER,,,,,success,E736A,False,0,,,,
single nucleotide variant,NM_007294.4(BRCA1):c.4036G>A (p.Glu1346Lys),BRCA1,Benign/Likely benign,"Breast-ovarian cancer, familial, susceptibility to, 1|not specified|Hereditary cancer-predisposing syndrome|not provided|Hereditary breast ovarian cancer syndrome|BRCA1-related disorder|BRCA1-related cancer predisposition|Fanconi anemia, complementation group S",17,41243512,na,na,"criteria provided, multiple submitters, no conflicts",Likely benign,missense_variant,MODIFIER,,,,,success,E1346K,True,2,COSV58789357,COSO29914826;COSO30135463,Confirmed somatic variant,27694386.0;27907908.0
single nucleotide variant,NM_007294.4(BRCA1):c.4036G>A (p.Glu1346Lys),BRCA1,Benign/Likely benign,"Breast-ovarian cancer, familial, susceptibility to, 1|not specified|Hereditary cancer-predisposing syndrome|not provided|Hereditary breast ovarian cancer syndrome|BRCA1-related disorder|BRCA1-related cancer predisposition|Fanconi anemia, complementation group S",17,43091495,na,na,"criteria provided, multiple submitters, no conflicts",Likely benign,missense_variant,MODIFIER,,,,,success,E1346K,True,2,COSV58789357,COSO29914826;COSO30135463,Confirmed somatic variant,27694386.0;27907908.0
single nucleotide variant,NM_007294.4(BRCA1):c.4676-7C>T,BRCA1,Benign/Likely benign,"Breast-ovarian cancer, familial, susceptibility to, 1|not specified|Hereditary breast ovarian cancer syndrome|Hereditary cancer-predisposing syndrome|not provided",17,41223262,na,na,"criteria provided, multiple submitters, no conflicts",Likely benign,splice_region_variant,LOW,,,,,success,,False,0,,,,
single nucleotide variant,NM_007294.4(BRCA1):c.4676-7C>T,BRCA1,Benign/Likely benign,"Breast-ovarian cancer, familial, susceptibility to, 1|not specified|Hereditary breast ovarian cancer syndrome|Hereditary cancer-predisposing syndrome|not provided",17,43071245,na,na,"criteria provided, multiple submitters, no conflicts",Likely benign,splice_region_variant,LOW,,,,,success,,False,0,,,,
single nucleotide variant,NM_007294.4(BRCA1):c.4837A>T (p.Ser1613Cys),BRCA1,Benign/Likely benign,"Breast-ovarian cancer, familial, susceptibility to, 1|not specified|Hereditary cancer-predisposing syndrome|not provided|Hereditary breast ovarian cancer syndrome|Malignant tumor of breast|BRCA1-related disorder",17,41223094,na,na,"criteria provided, multiple submitters, no conflicts",Likely benign,missense_variant,MODERATE,0.02,0.848,S/C,471.0,success,S1613C,False,0,,,,
single nucleotide variant,NM_007294.4(BRCA1):c.4837A>T (p.Ser1613Cys),BRCA1,Benign/Likely benign,"Breast-ovarian cancer, familial, susceptibility to, 1|not specified|Hereditary cancer-predisposing syndrome|not provided|Hereditary breast ovarian cancer syndrome|Malignant tumor of breast|BRCA1-related disorder",17,43071077,na,na,"criteria provided, multiple submitters, no conflicts",Likely benign,missense_variant,MODERATE,0.02,0.848,S/C,471.0,success,S1613C,False,0,,,,
single nucleotide variant,NM_007294.4(BRCA1):c.5152+10A>G,BRCA1,Benign/Likely benign,"Breast-ovarian cancer, familial, susceptibility to, 1|not specified|Hereditary breast ovarian cancer syndrome|Hereditary cancer-predisposing syndrome|Breast and/or ovarian cancer|Familial cancer of breast;Fanconi anemia, complementation group S;Breast-ovarian cancer, familial, susceptibility to, 1|not provided",17,41215881,na,na,"criteria provided, multiple submitters, no conflicts",Likely benign,intron_variant,MODIFIER,,,,,success,,False,0,,,,
single nucleotide variant,NM_007294.4(BRCA1):c.5152+10A>G,BRCA1,Benign/Likely benign,"Breast-ovarian cancer, familial, susceptibility to, 1|not specified|Hereditary breast ovarian cancer syndrome|Hereditary cancer-predisposing syndrome|Breast and/or ovarian cancer|Familial cancer of breast;Fanconi anemia, complementation group S;Breast-ovarian cancer, familial, susceptibility to, 1|not provided",17,43063864,na,na,"criteria provided, multiple submitters, no conflicts",Likely benign,intron_variant,MODIFIER,,,,,success,,False,0,,,,
single nucleotide variant,NM_000546.6(TP53):c.639A>G (p.Arg213=),TP53,Benign,not specified|Hereditary cancer-predisposing syndrome|Li-Fraumeni syndrome|Li-Fraumeni syndrome 1|Malignant tumor of breast|not provided|Hereditary breast ovarian cancer syndrome,17,7578210,na,na,"criteria provided, multiple submitters, no conflicts",Benign,synonymous_variant,LOW,,,R,213.0,success,R213=,True,17,COSV52679610;COSV52740638,COSO32054862;COSO28365270;COSO28245229;COSO28365312;COSO28694826,Reported in another cancer sample as somatic,31874108.0;28713588.0;8397797.0;29360550.0;31470906.0
single nucleotide variant,NM_000546.6(TP53):c.639A>G (p.Arg213=),TP53,Benign,not specified|Hereditary cancer-predisposing syndrome|Li-Fraumeni syndrome|Li-Fraumeni syndrome 1|Malignant tumor of breast|not provided|Hereditary breast ovarian cancer syndrome,17,7674892,na,na,"criteria provided, multiple submitters, no conflicts",Benign,synonymous_variant,LOW,,,R,213.0,success,R213=,True,17,COSV52679610;COSV52740638,COSO32054862;COSO28365270;COSO28245229;COSO28365312;COSO28694826,Reported in another cancer sample as somatic,31874108.0;28713588.0;8397797.0;29360550.0;31470906.0
single nucleotide variant,NM_000546.6(TP53):c.993+12T>C,TP53,Benign/Likely benign,not specified|Hereditary cancer-predisposing syndrome|Li-Fraumeni syndrome 1|Malignant tumor of breast|Li-Fraumeni syndrome|Breast and/or ovarian cancer|not provided|Hereditary breast ovarian cancer syndrome,17,7576841,na,na,"criteria provided, multiple submitters, no conflicts",Likely benign,intron_variant,MODIFIER,,,,,success,,False,0,,,,
single nucleotide variant,NM_000546.6(TP53):c.993+12T>C,TP53,Benign/Likely benign,not specified|Hereditary cancer-predisposing syndrome|Li-Fraumeni syndrome 1|Malignant tumor of breast|Li-Fraumeni syndrome|Breast and/or ovarian cancer|not provided|Hereditary breast ovarian cancer syndrome,17,7673523,na,na,"criteria provided, multiple submitters, no conflicts",Likely benign,intron_variant,MODIFIER,,,,,success,,False,0,,,,
single nucleotide variant,NM_000546.6(TP53):c.108G>A (p.Pro36=),TP53,Benign,Li-Fraumeni syndrome|Hereditary cancer-predisposing syndrome|not specified|Li-Fraumeni syndrome 1|Malignant tumor of breast|not provided|Hereditary breast ovarian cancer syndrome,17,7579579,na,na,"criteria provided, multiple submitters, no conflicts",Benign,missense_variant,LOW,,,P,36.0,success,P36=,True,7,COSV52756428,COSO28864826;COSO32054862;COSO28365312;COSO36284862;COSO28365310,Reported in another cancer sample as somatic,28002797.0;31874108.0;28713588.0;31470906.0
single nucleotide variant,NM_000546.6(TP53):c.108G>A (p.Pro36=),TP53,Benign,Li-Fraumeni syndrome|Hereditary cancer-predisposing syndrome|not specified|Li-Fraumeni syndrome 1|Malignant tumor of breast|not provided|Hereditary breast ovarian cancer syndrome,17,7676261,na,na,"criteria provided, multiple submitters, no conflicts",Benign,missense_variant,LOW,,,P,36.0,success,P36=,True,7,COSV52756428,COSO28864826;COSO32054862;COSO28365312;COSO36284862;COSO28365310,Reported in another cancer sample as somatic,28002797.0;31874108.0;28713588.0;31470906.0
single nucleotide variant,NM_000546.6(TP53):c.885T>C (p.Pro295=),TP53,Benign/Likely benign,not specified|Hereditary cancer-predisposing syndrome|Li-Fraumeni syndrome 1|not provided|Squamous cell carcinoma of the head and neck|Li-Fraumeni syndrome|TP53-related disorder|Familial pancreatic carcinoma,17,7577053,na,na,"criteria provided, multiple submitters, no conflicts",Likely benign,synonymous_variant,LOW,,,P,295.0,success,P295=,True,3,COSV52851077,COSO28864826;COSO37914808;COSO32054837,Variant of unknown origin,17447881.0;8509216.0;7542226.0
single nucleotide variant,NM_000546.6(TP53):c.885T>C (p.Pro295=),TP53,Benign/Likely benign,not specified|Hereditary cancer-predisposing syndrome|Li-Fraumeni syndrome 1|not provided|Squamous cell carcinoma of the head and neck|Li-Fraumeni syndrome|TP53-related disorder|Familial pancreatic carcinoma,17,7673735,na,na,"criteria provided, multiple submitters, no conflicts",Likely benign,synonymous_variant,LOW,,,P,295.0,success,P295=,True,3,COSV52851077,COSO28864826;COSO37914808;COSO32054837,Variant of unknown origin,17447881.0;8509216.0;7542226.0
single nucleotide variant,NM_000546.6(TP53):c.666G>T (p.Pro222=),TP53,Benign/Likely benign,Ovarian neoplasm|Hereditary cancer-predisposing syndrome|Li-Fraumeni syndrome 1|not provided|Li-Fraumeni syndrome|Breast and/or ovarian cancer|TP53-related disorder|not specified|Li-Fraumeni syndrome 1;Familial cancer of breast,17,7578183,na,na,"criteria provided, multiple submitters, no conflicts",Likely benign,synonymous_variant,LOW,,,P,222.0,success,P222=,True,6,COSV53563768;COSV52826471;COSV53267642,COSO29025463;COSO28664826;COSO28584826;COSO28395278;COSO32666107,Reported in another cancer sample as somatic,19794270.0;11241240.0;16890317.0;7671235.0;16024113.0
single nucleotide variant,NM_000546.6(TP53):c.666G>T (p.Pro222=),TP53,Benign/Likely benign,Ovarian neoplasm|Hereditary cancer-predisposing syndrome|Li-Fraumeni syndrome 1|not provided|Li-Fraumeni syndrome|Breast and/or ovarian cancer|TP53-related disorder|not specified|Li-Fraumeni syndrome 1;Familial cancer of breast,17,7674865,na,na,"criteria provided, multiple submitters, no conflicts",Likely benign,synonymous_variant,LOW,,,P,222.0,success,P222=,True,6,COSV53563768;COSV52826471;COSV53267642,COSO29025463;COSO28664826;COSO28584826;COSO28395278;COSO32666107,Reported in another cancer sample as somatic,19794270.0;11241240.0;16890317.0;7671235.0;16024113.0
single nucleotide variant,NM_005228.5(EGFR):c.2166G>A (p.Ala722=),EGFR,Benign/Likely benign,not specified|EGFR-related lung cancer|not provided|Hereditary cancer-predisposing syndrome|Lung cancer,7,55241718,na,na,"criteria provided, multiple submitters, no conflicts",Likely benign,synonymous_variant,LOW,,,A,722.0,success,A722=,True,2,COSV51788582,COSO29025463,Confirmed somatic variant,
single nucleotide variant,NM_005228.5(EGFR):c.2166G>A (p.Ala722=),EGFR,Benign/Likely benign,not specified|EGFR-related lung cancer|not provided|Hereditary cancer-predisposing syndrome|Lung cancer,7,55174025,na,na,"criteria provided, multiple submitters, no conflicts",Likely benign,synonymous_variant,LOW,,,A,722.0,success,A722=,True,2,COSV51788582,COSO29025463,Confirmed somatic variant,
single nucleotide variant,NM_005228.5(EGFR):c.2232C>T (p.Ile744=),EGFR,Benign/Likely benign,not specified|EGFR-related lung cancer|Lung cancer,7,55242462,na,na,"criteria provided, multiple submitters, no conflicts",Likely benign,synonymous_variant,LOW,,,I,744.0,success,I744=,True,1,COSV51780217,COSO30134826,Variant of unknown origin,21057220.0
single nucleotide variant,NM_005228.5(EGFR):c.2232C>T (p.Ile744=),EGFR,Benign/Likely benign,not specified|EGFR-related lung cancer|Lung cancer,7,55174769,na,na,"criteria provided, multiple submitters, no conflicts",Likely benign,synonymous_variant,LOW,,,I,744.0,success,I744=,True,1,COSV51780217,COSO30134826,Variant of unknown origin,21057220.0
single nucleotide variant,NM_005228.5(EGFR):c.2280C>T (p.Leu760=),EGFR,Benign/Likely benign,not specified|EGFR-related lung cancer|Lung cancer|Hereditary cancer-predisposing syndrome,7,55242510,na,na,"criteria provided, multiple submitters, no conflicts",Likely benign,synonymous_variant,LOW,,,L,760.0,success,L760=,True,1,COSV51797713,COSO29914830,Variant of unknown origin,29075127.0
single nucleotide variant,NM_005228.5(EGFR):c.2280C>T (p.Leu760=),EGFR,Benign/Likely benign,not specified|EGFR-related lung cancer|Lung cancer|Hereditary cancer-predisposing syndrome,7,55174817,na,na,"criteria provided, multiple submitters, no conflicts",Likely benign,synonymous_variant,LOW,,,L,760.0,success,L760=,True,1,COSV51797713,COSO29914830,Variant of unknown origin,29075127.0
single nucleotide variant,NM_005228.5(EGFR):c.2289C>G (p.Ala763=),EGFR,Benign/Likely benign,not specified|EGFR-related lung cancer|Hereditary cancer-predisposing syndrome|not provided|EGFR-related disorder|Lung cancer,7,55248991,na,na,"criteria provided, multiple submitters, no conflicts",Likely benign,synonymous_variant,LOW,,,A,763.0,success,A763=,True,2,COSV104369167,COSO28365318;COSO32054862,Variant of unknown origin,28713588.0;31874108.0
single nucleotide variant,NM_005228.5(EGFR):c.2289C>G (p.Ala763=),EGFR,Benign/Likely benign,not specified|EGFR-related lung cancer|Hereditary cancer-predisposing syndrome|not provided|EGFR-related disorder|Lung cancer,7,55181298,na,na,"criteria provided, multiple submitters, no conflicts",Likely benign,synonymous_variant,LOW,,,A,763.0,success,A763=,True,2,COSV104369167,COSO28365318;COSO32054862,Variant of unknown origin,28713588.0;31874108.0
single nucleotide variant,NM_005228.5(EGFR):c.2329C>T (p.Leu777=),EGFR,Benign/Likely benign,not specified|Hereditary cancer-predisposing syndrome|EGFR-related lung cancer|Lung cancer,7,55249031,na,na,"criteria provided, multiple submitters, no conflicts",Likely benign,synonymous_variant,LOW,,,L,777.0,success,L777=,False,0,,,,
single nucleotide variant,NM_005228.5(EGFR):c.2329C>T (p.Leu777=),EGFR,Benign/Likely benign,not specified|Hereditary cancer-predisposing syndrome|EGFR-related lung cancer|Lung cancer,7,55181338,na,na,"criteria provided, multiple submitters, no conflicts",Likely benign,synonymous_variant,LOW,,,L,777.0,success,L777=,False,0,,,,
single nucleotide variant,NM_033360.4(KRAS):c.290+74T>G,KRAS,Benign,not provided,12,25380094,na,na,"criteria provided, multiple submitters, no conflicts",Benign,intron_variant,MODIFIER,,,,,success,,False,0,,,,
single nucleotide variant,NM_033360.4(KRAS):c.290+74T>G,KRAS,Benign,not provided,12,25227160,na,na,"criteria provided, multiple submitters, no conflicts",Benign,intron_variant,MODIFIER,,,,,success,,False,0,,,,
single nucleotide variant,NM_033360.4(KRAS):c.290+97A>C,KRAS,Benign,not provided,12,25380071,na,na,"criteria provided, multiple submitters, no conflicts",Benign,intron_variant,MODIFIER,,,,,success,,False,0,,,,
single nucleotide variant,NM_033360.4(KRAS):c.290+97A>C,KRAS,Benign,not provided,12,25227137,na,na,"criteria provided, multiple submitters, no conflicts",Benign,intron_variant,MODIFIER,,,,,success,,False,0,,,,
single nucleotide variant,NM_033360.4(KRAS):c.290+97A>T,KRAS,Benign,not provided,12,25380071,na,na,"criteria provided, multiple submitters, no conflicts",Benign,intron_variant,MODIFIER,,,,,success,,False,0,,,,
single nucleotide variant,NM_033360.4(KRAS):c.290+97A>T,KRAS,Benign,not provided,12,25227137,na,na,"criteria provided, multiple submitters, no conflicts",Benign,intron_variant,MODIFIER,,,,,success,,False,0,,,,
single nucleotide variant,NM_033360.4(KRAS):c.450+40A>G,KRAS,Benign,not provided,12,25378508,na,na,"criteria provided, single submitter",Benign,non_coding_transcript_exon_variant,MODIFIER,,,,,success,,False,0,,,,
single nucleotide variant,NM_033360.4(KRAS):c.450+40A>G,KRAS,Benign,not provided,12,25225574,na,na,"criteria provided, single submitter",Benign,non_coding_transcript_exon_variant,MODIFIER,,,,,success,,False,0,,,,
single nucleotide variant,NM_033360.4(KRAS):c.450+92A>G,KRAS,Benign,not provided,12,25378456,na,na,"criteria provided, multiple submitters, no conflicts",Benign,non_coding_transcript_exon_variant,MODIFIER,,,,,success,,False,0,,,,
single nucleotide variant,NM_033360.4(KRAS):c.450+92A>G,KRAS,Benign,not provided,12,25225522,na,na,"criteria provided, multiple submitters, no conflicts",Benign,non_coding_transcript_exon_variant,MODIFIER,,,,,success,,False,0,,,,
single nucleotide variant,NM_000314.8(PTEN):c.802-18C>T,PTEN,Benign/Likely benign,Hereditary cancer-predisposing syndrome|Breast and/or ovarian cancer|Cowden syndrome 1,10,89720633,na,na,"criteria provided, multiple submitters, no conflicts",Likely benign,intron_variant,MODIFIER,,,,,success,,False,0,,,,
single nucleotide variant,NM_000314.8(PTEN):c.802-18C>T,PTEN,Benign/Likely benign,Hereditary cancer-predisposing syndrome|Breast and/or ovarian cancer|Cowden syndrome 1,10,87960876,na,na,"criteria provided, multiple submitters, no conflicts",Likely benign,intron_variant,MODIFIER,,,,,success,,False,0,,,,
Duplication,NM_000314.8(PTEN):c.802-3dup,PTEN,Benign/Likely benign,not specified|PTEN hamartoma tumor syndrome|not provided|Hereditary cancer-predisposing syndrome|Macrocephaly-autism syndrome;Prostate cancer;Cowden syndrome 1;Glioma susceptibility 2;Familial meningioma|Cowden syndrome 1,10,89720633,na,na,"criteria provided, multiple submitters, no conflicts",Likely benign,splice_region_variant,LOW,,,,,success,,False,0,,,,
Duplication,NM_000314.8(PTEN):c.802-3dup,PTEN,Benign/Likely benign,not specified|PTEN hamartoma tumor syndrome|not provided|Hereditary cancer-predisposing syndrome|Macrocephaly-autism syndrome;Prostate cancer;Cowden syndrome 1;Glioma susceptibility 2;Familial meningioma|Cowden syndrome 1,10,87960876,na,na,"criteria provided, multiple submitters, no conflicts",Likely benign,splice_region_variant,LOW,,,,,success,,False,0,,,,
Duplication,NM_000314.8(PTEN):c.802-4_802-3dup,PTEN,Benign/Likely benign,not specified|Hereditary cancer-predisposing syndrome|Prostate cancer;Glioma susceptibility 2;Macrocephaly-autism syndrome;Familial meningioma;Cowden syndrome 1|Breast and/or ovarian cancer|Glioma susceptibility 2;Macrocephaly-autism syndrome;Familial meningioma;Cowden syndrome 1;Familial prostate cancer|Cowden syndrome 1,10,89720633,na,na,"criteria provided, multiple submitters, no conflicts",Likely benign,splice_region_variant,LOW,,,,,success,,False,0,,,,
Duplication,NM_000314.8(PTEN):c.802-4_802-3dup,PTEN,Benign/Likely benign,not specified|Hereditary cancer-predisposing syndrome|Prostate cancer;Glioma susceptibility 2;Macrocephaly-autism syndrome;Familial meningioma;Cowden syndrome 1|Breast and/or ovarian cancer|Glioma susceptibility 2;Macrocephaly-autism syndrome;Familial meningioma;Cowden syndrome 1;Familial prostate cancer|Cowden syndrome 1,10,87960876,na,na,"criteria provided, multiple submitters, no conflicts",Likely benign,splice_region_variant,LOW,,,,,success,,False,0,,,,
Deletion,NM_000314.8(PTEN):c.802-4_802-3del,PTEN,Benign/Likely benign,Hereditary cancer-predisposing syndrome|not provided|not specified|Cowden syndrome 1|Breast and/or ovarian cancer,10,89720634,na,na,"criteria provided, multiple submitters, no conflicts",Likely benign,splice_region_variant,LOW,,,,,success,,False,0,,,,
Deletion,NM_000314.8(PTEN):c.802-4_802-3del,PTEN,Benign/Likely benign,Hereditary cancer-predisposing syndrome|not provided|not specified|Cowden syndrome 1|Breast and/or ovarian cancer,10,87960877,na,na,"criteria provided, multiple submitters, no conflicts",Likely benign,splice_region_variant,LOW,,,,,success,,False,0,,,,
single nucleotide variant,NM_000314.4(PTEN):c.-1060C>G,PTEN,Benign/Likely benign,Hereditary cancer-predisposing syndrome|not specified,10,89623166,na,na,"criteria provided, multiple submitters, no conflicts",Likely benign,upstream_gene_variant,MODIFIER,,,,,manual,,False,0,,,,
single nucleotide variant,NM_000314.4(PTEN):c.-1060C>G,PTEN,Benign/Likely benign,Hereditary cancer-predisposing syndrome|not specified,10,87863409,na,na,"criteria provided, multiple submitters, no conflicts",Likely benign,upstream_gene_variant,MODIFIER,,,,,manual,,False,0,,,,
single nucleotide variant,NM_007294.4(BRCA1):c.4219C>G (p.Leu1407Val),BRCA1,Uncertain significance,"Breast-ovarian cancer, familial, susceptibility to, 1|Hereditary breast ovarian cancer syndrome|Hereditary cancer-predisposing syndrome",17,41234559,na,na,"criteria provided, multiple submitters, no conflicts",Uncertain significance,missense_variant,MODERATE,0.0,0.578,L/V,265.0,success,L1407V,False,0,,,,
single nucleotide variant,NM_007294.4(BRCA1):c.4219C>G (p.Leu1407Val),BRCA1,Uncertain significance,"Breast-ovarian cancer, familial, susceptibility to, 1|Hereditary breast ovarian cancer syndrome|Hereditary cancer-predisposing syndrome",17,43082542,na,na,"criteria provided, multiple submitters, no conflicts",Uncertain significance,missense_variant,MODERATE,0.0,0.578,L/V,265.0,success,L1407V,False,0,,,,
single nucleotide variant,NM_007294.4(BRCA1):c.4402A>G (p.Asn1468Asp),BRCA1,Uncertain significance,"Breast-ovarian cancer, familial, susceptibility to, 1|Hereditary cancer-predisposing syndrome|Hereditary breast ovarian cancer syndrome|not provided",17,41228587,na,na,"criteria provided, multiple submitters, no conflicts",Uncertain significance,missense_variant,MODERATE,0.03,0.497,N/D,326.0,success,N1468D,False,0,,,,
single nucleotide variant,NM_007294.4(BRCA1):c.4402A>G (p.Asn1468Asp),BRCA1,Uncertain significance,"Breast-ovarian cancer, familial, susceptibility to, 1|Hereditary cancer-predisposing syndrome|Hereditary breast ovarian cancer syndrome|not provided",17,43076570,na,na,"criteria provided, multiple submitters, no conflicts",Uncertain significance,missense_variant,MODERATE,0.03,0.497,N/D,326.0,success,N1468D,False,0,,,,
single nucleotide variant,NM_007294.4(BRCA1):c.4456A>T (p.Ser1486Cys),BRCA1,Uncertain significance,"Breast-ovarian cancer, familial, susceptibility to, 1|not provided|Hereditary cancer-predisposing syndrome|Hereditary breast ovarian cancer syndrome|Malignant tumor of pancreas|Familial cancer of breast",17,41228533,na,na,"criteria provided, multiple submitters, no conflicts",Uncertain significance,missense_variant,MODERATE,0.0,0.848,S/C,344.0,success,S1486C,False,0,,,,
single nucleotide variant,NM_007294.4(BRCA1):c.4456A>T (p.Ser1486Cys),BRCA1,Uncertain significance,"Breast-ovarian cancer, familial, susceptibility to, 1|not provided|Hereditary cancer-predisposing syndrome|Hereditary breast ovarian cancer syndrome|Malignant tumor of pancreas|Familial cancer of breast",17,43076516,na,na,"criteria provided, multiple submitters, no conflicts",Uncertain significance,missense_variant,MODERATE,0.0,0.848,S/C,344.0,success,S1486C,False,0,,,,
Deletion,NM_007294.4(BRCA1):c.4807_4821del (p.Pro1603_Val1607del),BRCA1,Uncertain significance,"Breast-ovarian cancer, familial, susceptibility to, 1|Hereditary breast ovarian cancer syndrome|Hereditary cancer-predisposing syndrome|not provided|not specified",17,41223110,na,na,"criteria provided, multiple submitters, no conflicts",Uncertain significance,inframe_deletion,MODERATE,,,PQLKV/-,461.0,success,P1603_V1607DEL,False,0,,,,
Deletion,NM_007294.4(BRCA1):c.4807_4821del (p.Pro1603_Val1607del),BRCA1,Uncertain significance,"Breast-ovarian cancer, familial, susceptibility to, 1|Hereditary breast ovarian cancer syndrome|Hereditary cancer-predisposing syndrome|not provided|not specified",17,43071093,na,na,"criteria provided, multiple submitters, no conflicts",Uncertain significance,inframe_deletion,MODERATE,,,PQLKV/-,461.0,success,P1603_V1607DEL,False,0,,,,
single nucleotide variant,NM_007294.4(BRCA1):c.4414C>T (p.Leu1472Phe),BRCA1,Uncertain significance,not provided|Hereditary cancer-predisposing syndrome|Hereditary breast ovarian cancer syndrome,17,41228575,na,na,"criteria provided, multiple submitters, no conflicts",Uncertain significance,missense_variant,MODERATE,0.3,0.684,L/F,330.0,success,L1472F,False,0,,,,
single nucleotide variant,NM_007294.4(BRCA1):c.4414C>T (p.Leu1472Phe),BRCA1,Uncertain significance,not provided|Hereditary cancer-predisposing syndrome|Hereditary breast ovarian cancer syndrome,17,43076558,na,na,"criteria provided, multiple submitters, no conflicts",Uncertain significance,missense_variant,MODERATE,0.3,0.684,L/F,330.0,success,L1472F,False,0,,,,
single nucleotide variant,NM_000546.6(TP53):c.875A>T (p.Lys292Ile),TP53,Uncertain significance,Li-Fraumeni syndrome 1|Hereditary cancer-predisposing syndrome,17,7577063,na,na,"criteria provided, multiple submitters, no conflicts",Uncertain significance,missense_variant,MODERATE,0.05,,K/I,292.0,success,K292I,True,1,COSV99066499,COSO29914826,Variant of unknown origin,29681454.0
single nucleotide variant,NM_000546.6(TP53):c.875A>T (p.Lys292Ile),TP53,Uncertain significance,Li-Fraumeni syndrome 1|Hereditary cancer-predisposing syndrome,17,7673745,na,na,"criteria provided, multiple submitters, no conflicts",Uncertain significance,missense_variant,MODERATE,0.05,,K/I,292.0,success,K292I,True,1,COSV99066499,COSO29914826,Variant of unknown origin,29681454.0
Deletion,NM_000546.6(TP53):c.718_741del (p.Ser240_Asn247del),TP53,Uncertain significance,not specified,17,7577540,na,na,"criteria provided, single submitter",Uncertain significance,inframe_deletion,MODERATE,,,SSCMGGMN/-,240.0,success,S240_N247DEL,False,0,,,,
Deletion,NM_000546.6(TP53):c.718_741del (p.Ser240_Asn247del),TP53,Uncertain significance,not specified,17,7674222,na,na,"criteria provided, single submitter",Uncertain significance,inframe_deletion,MODERATE,,,SSCMGGMN/-,240.0,success,S240_N247DEL,False,0,,,,
single nucleotide variant,NM_000546.6(TP53):c.1051A>G (p.Lys351Glu),TP53,Uncertain significance,Hereditary cancer-predisposing syndrome|Li-Fraumeni syndrome|Li-Fraumeni syndrome 1,17,7573976,na,na,"criteria provided, multiple submitters, no conflicts",Uncertain significance,missense_variant,MODERATE,0.08,,K/E,351.0,success,K351E,True,5,COSV52745104,COSO33476078;COSO31375226;COSO27814826;COSO379118487;COSO35435393,Confirmed somatic variant,21499247.0;25526346.0;24747642.0;26541895.0
single nucleotide variant,NM_000546.6(TP53):c.1051A>G (p.Lys351Glu),TP53,Uncertain significance,Hereditary cancer-predisposing syndrome|Li-Fraumeni syndrome|Li-Fraumeni syndrome 1,17,7670658,na,na,"criteria provided, multiple submitters, no conflicts",Uncertain significance,missense_variant,MODERATE,0.08,,K/E,351.0,success,K351E,True,5,COSV52745104,COSO33476078;COSO31375226;COSO27814826;COSO379118487;COSO35435393,Confirmed somatic variant,21499247.0;25526346.0;24747642.0;26541895.0
single nucleotide variant,NM_000546.6(TP53):c.400T>C (p.Phe134Leu),TP53,Uncertain significance,"Li-Fraumeni syndrome|Neoplasm|Embryonal rhabdomyosarcoma|Diffuse glioma, H3 G34 mutant",17,7578530,na,na,"criteria provided, single submitter",Uncertain significance,missense_variant,MODERATE,0.0,,F/L,134.0,success,F134L,True,70,COSV52676112;COSV52814502;COSV52902300,COSO36004826;COSO27985045;COSO28544826;COSO29005278;COSO28584826,Confirmed somatic variant,30508305.0;32217638.0;28481359.0;34680263.0;8995554.0
single nucleotide variant,NM_000546.6(TP53):c.400T>C (p.Phe134Leu),TP53,Uncertain significance,"Li-Fraumeni syndrome|Neoplasm|Embryonal rhabdomyosarcoma|Diffuse glioma, H3 G34 mutant",17,7675212,na,na,"criteria provided, single submitter",Uncertain significance,missense_variant,MODERATE,0.0,,F/L,134.0,success,F134L,True,70,COSV52676112;COSV52814502;COSV52902300,COSO36004826;COSO27985045;COSO28544826;COSO29005278;COSO28584826,Confirmed somatic variant,30508305.0;32217638.0;28481359.0;34680263.0;8995554.0
single nucleotide variant,NM_000546.6(TP53):c.-29+4A>C,TP53,Uncertain significance,not provided,17,7590691,na,na,"criteria provided, single submitter",Uncertain significance,splice_donor_region_variant,LOW,,,,,success,,False,0,,,,
single nucleotide variant,NM_000546.6(TP53):c.-29+4A>C,TP53,Uncertain significance,not provided,17,7687373,na,na,"criteria provided, single submitter",Uncertain significance,splice_donor_region_variant,LOW,,,,,success,,False,0,,,,
single nucleotide variant,NM_005228.5(EGFR):c.2155G>A (p.Gly719Ser),EGFR,Uncertain significance; drug response,"Nonsmall cell lung cancer, response to tyrosine kinase inhibitor in, somatic|Tyrosine kinase inhibitor response|EGFR-related lung cancer|Lung adenocarcinoma|Neoplasm",7,55241707,na,na,"criteria provided, multiple submitters, no conflicts",Uncertain significance,missense_variant,MODERATE,0.0,0.999,G/S,719.0,success,G719S,True,104,COSV51767289,COSO299521574;COSO30014826;COSO29914830;COSO29915674;COSO29914826,Reported in another cancer sample as somatic,33400370.0;27056568.0;16105816.0;15998907.0;17904685.0
single nucleotide variant,NM_005228.5(EGFR):c.2155G>A (p.Gly719Ser),EGFR,Uncertain significance; drug response,"Nonsmall cell lung cancer, response to tyrosine kinase inhibitor in, somatic|Tyrosine kinase inhibitor response|EGFR-related lung cancer|Lung adenocarcinoma|Neoplasm",7,55174014,na,na,"criteria provided, multiple submitters, no conflicts",Uncertain significance,missense_variant,MODERATE,0.0,0.999,G/S,719.0,success,G719S,True,104,COSV51767289,COSO299521574;COSO30014826;COSO29914830;COSO29915674;COSO29914826,Reported in another cancer sample as somatic,33400370.0;27056568.0;16105816.0;15998907.0;17904685.0
single nucleotide variant,NM_005228.5(EGFR):c.2065G>C (p.Val689Leu),EGFR,Uncertain significance,not specified,7,55241617,na,na,no assertion criteria provided,Uncertain significance,missense_variant,MODERATE,0.0,0.612,V/L,689.0,success,V689L,True,3,COSV109409890,COSO29914826,Variant of unknown origin,38770632.0;21151896.0;17848912.0
single nucleotide variant,NM_005228.5(EGFR):c.2065G>C (p.Val689Leu),EGFR,Uncertain significance,not specified,7,55173924,na,na,no assertion criteria provided,Uncertain significance,missense_variant,MODERATE,0.0,0.612,V/L,689.0,success,V689L,True,3,COSV109409890,COSO29914826,Variant of unknown origin,38770632.0;21151896.0;17848912.0
single nucleotide variant,NM_005228.5(EGFR):c.2117T>C (p.Ile706Thr),EGFR,Uncertain significance,not specified,7,55241669,na,na,no assertion criteria provided,Uncertain significance,missense_variant,MODERATE,0.0,0.993,I/T,706.0,success,I706T,True,3,,COSO29915674;COSO29914826,Variant of unknown origin,17575133.0;23912954.0;21729655.0
single nucleotide variant,NM_005228.5(EGFR):c.2117T>C (p.Ile706Thr),EGFR,Uncertain significance,not specified,7,55173976,na,na,no assertion criteria provided,Uncertain significance,missense_variant,MODERATE,0.0,0.993,I/T,706.0,success,I706T,True,3,,COSO29915674;COSO29914826,Variant of unknown origin,17575133.0;23912954.0;21729655.0
single nucleotide variant,NM_005228.5(EGFR):c.2126A>C (p.Glu709Ala),EGFR,Uncertain significance,not specified|Lung carcinoma|Lung adenocarcinoma,7,55241678,na,na,"criteria provided, single submitter",Uncertain significance,missense_variant,MODERATE,0.0,0.986,E/A,709.0,success,E709A,True,35,COSV51772956,COSO29914826;COSO29915674;COSO30034826;COSO299111515;COSO319110600,Variant of unknown origin,19096301.0;17904685.0;25189529.0;16863509.0;37256381.0
single nucleotide variant,NM_005228.5(EGFR):c.2126A>C (p.Glu709Ala),EGFR,Uncertain significance,not specified|Lung carcinoma|Lung adenocarcinoma,7,55173985,na,na,"criteria provided, single submitter",Uncertain significance,missense_variant,MODERATE,0.0,0.986,E/A,709.0,success,E709A,True,35,COSV51772956,COSO29914826;COSO29915674;COSO30034826;COSO299111515;COSO319110600,Variant of unknown origin,19096301.0;17904685.0;25189529.0;16863509.0;37256381.0
Indel,NM_005228.5(EGFR):c.2127_2130delinsC (p.Glu709_Thr710delinsAsp),EGFR,Uncertain significance,not specified,7,55241679,na,na,no assertion criteria provided,Uncertain significance,protein_altering_variant,MODERATE,,,ET/D,709.0,success,E709_T710DELINSD,True,21,COSV51779132,COSO29914826;COSO29974826;COSO29915674;COSO29915643;COSO29934826,Reported in another cancer sample as somatic,24722155.0;28481359.0;30121391.0;31534501.0;22980975.0
Indel,NM_005228.5(EGFR):c.2127_2130delinsC (p.Glu709_Thr710delinsAsp),EGFR,Uncertain significance,not specified,7,55173986,na,na,no assertion criteria provided,Uncertain significance,protein_altering_variant,MODERATE,,,ET/D,709.0,success,E709_T710DELINSD,True,21,COSV51779132,COSO29914826;COSO29974826;COSO29915674;COSO29915643;COSO29934826,Reported in another cancer sample as somatic,24722155.0;28481359.0;30121391.0;31534501.0;22980975.0
single nucleotide variant,NM_004985.5(KRAS):c.180T>A (p.Gly60=),KRAS,Uncertain significance,not specified,12,25380278,na,na,no assertion criteria provided,Uncertain significance,splice_region_variant,LOW,,,G,60.0,success,G60=,True,16,COSV55523567;COSV55499291;COSV99782811,COSO28864826;COSO29005278;COSO28454826;COSO36284862;COSO32666078,Confirmed somatic variant,27149842.0;21822268.0;24121792.0;22773565.0;27302369.0
single nucleotide variant,NM_004985.5(KRAS):c.180T>A (p.Gly60=),KRAS,Uncertain significance,not specified,12,25227344,na,na,no assertion criteria provided,Uncertain significance,splice_region_variant,LOW,,,G,60.0,success,G60=,True,16,COSV55523567;COSV55499291;COSV99782811,COSO28864826;COSO29005278;COSO28454826;COSO36284862;COSO32666078,Confirmed somatic variant,27149842.0;21822268.0;24121792.0;22773565.0;27302369.0
Deletion,NM_033360.4(KRAS):c.261del (p.Lys88fs),KRAS,Uncertain significance,not specified,12,25380197,na,na,"criteria provided, single submitter",Uncertain significance,frameshift_variant,HIGH,,,T/X,87.0,success,K88FS,False,0,,,,
Deletion,NM_033360.4(KRAS):c.261del (p.Lys88fs),KRAS,Uncertain significance,not specified,12,25227263,na,na,"criteria provided, single submitter",Uncertain significance,frameshift_variant,HIGH,,,T/X,87.0,success,K88FS,False,0,,,,
single nucleotide variant,NM_004985.5(KRAS):c.491G>A (p.Arg164Gln),KRAS,Uncertain significance,not specified|RASopathy,12,25362805,na,na,"criteria provided, multiple submitters, no conflicts",Uncertain significance,missense_variant,MODIFIER,,,,,success,R164Q,True,4,COSV55724297,COSO29025463;COSO28245232;COSO36286296,Confirmed somatic variant,28481359.0;27283500.0
single nucleotide variant,NM_004985.5(KRAS):c.491G>A (p.Arg164Gln),KRAS,Uncertain significance,not specified|RASopathy,12,25209871,na,na,"criteria provided, multiple submitters, no conflicts",Uncertain significance,missense_variant,MODIFIER,,,,,success,R164Q,True,4,COSV55724297,COSO29025463;COSO28245232;COSO36286296,Confirmed somatic variant,28481359.0;27283500.0
Microsatellite,NM_004985.5(KRAS):c.528GAA[3] (p.Lys180dup),KRAS,Uncertain significance,Primary familial hypertrophic cardiomyopathy,12,25362762,na,na,no assertion criteria provided,Uncertain significance,inframe_insertion,MODERATE,,,,,manual,K180DUP,False,0,,,,
Microsatellite,NM_004985.5(KRAS):c.528GAA[3] (p.Lys180dup),KRAS,Uncertain significance,Primary familial hypertrophic cardiomyopathy,12,25209828,na,na,no assertion criteria provided,Uncertain significance,inframe_insertion,MODERATE,,,,,manual,K180DUP,False,0,,,,
single nucleotide variant,NM_004985.5(KRAS):c.-178C>A,KRAS,Uncertain significance,not specified,12,25403851,na,na,"criteria provided, single submitter",Uncertain significance,5_prime_UTR_variant,MODIFIER,,,,,success,,False,0,,,,
single nucleotide variant,NM_004985.5(KRAS):c.-178C>A,KRAS,Uncertain significance,not specified,12,25250917,na,na,"criteria provided, single submitter",Uncertain significance,5_prime_UTR_variant,MODIFIER,,,,,success,,False,0,,,,
single nucleotide variant,NM_000314.8(PTEN):c.55G>A (p.Asp19Asn),PTEN,Uncertain significance,Melanoma|PTEN hamartoma tumor syndrome,10,89624281,na,na,"criteria provided, multiple submitters, no conflicts",Uncertain significance,missense_variant,MODERATE,0.02,0.822,D/N,19.0,success,D19N,True,2,COSV64295674,COSO32666078;COSO28584826,Confirmed somatic variant,10978354.0;27155048.0
single nucleotide variant,NM_000314.8(PTEN):c.55G>A (p.Asp19Asn),PTEN,Uncertain significance,Melanoma|PTEN hamartoma tumor syndrome,10,87864524,na,na,"criteria provided, multiple submitters, no conflicts",Uncertain significance,missense_variant,MODERATE,0.02,0.822,D/N,19.0,success,D19N,True,2,COSV64295674,COSO32666078;COSO28584826,Confirmed somatic variant,10978354.0;27155048.0
single nucleotide variant,NM_000314.8(PTEN):c.649G>A (p.Val217Ile),PTEN,Uncertain significance,Melanoma|PTEN hamartoma tumor syndrome|Hereditary cancer-predisposing syndrome,10,89717624,na,na,"criteria provided, multiple submitters, no conflicts",Uncertain significance,stop_gained,MODERATE,0.49,0.11,V/I,217.0,success,V217I,True,1,COSV64310398,COSO32666078,Confirmed somatic variant,10978354.0
single nucleotide variant,NM_000314.8(PTEN):c.649G>A (p.Val217Ile),PTEN,Uncertain significance,Melanoma|PTEN hamartoma tumor syndrome|Hereditary cancer-predisposing syndrome,10,87957867,na,na,"criteria provided, multiple submitters, no conflicts",Uncertain significance,stop_gained,MODERATE,0.49,0.11,V/I,217.0,success,V217I,True,1,COSV64310398,COSO32666078,Confirmed somatic variant,10978354.0
single nucleotide variant,NM_000314.8(PTEN):c.362C>G (p.Ala121Gly),PTEN,Uncertain significance,Squamous cell carcinoma of the head and neck|PTEN hamartoma tumor syndrome,10,89692878,na,na,"criteria provided, single submitter",Uncertain significance,missense_variant,MODERATE,0.0,0.969,A/G,121.0,success,A121G,False,0,,,,
single nucleotide variant,NM_000314.8(PTEN):c.362C>G (p.Ala121Gly),PTEN,Uncertain significance,Squamous cell carcinoma of the head and neck|PTEN hamartoma tumor syndrome,10,87933121,na,na,"criteria provided, single submitter",Uncertain significance,missense_variant,MODERATE,0.0,0.969,A/G,121.0,success,A121G,False,0,,,,
single nucleotide variant,NM_000314.8(PTEN):c.1026G>C (p.Lys342Asn),PTEN,Uncertain significance,not provided|Hereditary cancer-predisposing syndrome|PTEN hamartoma tumor syndrome,10,89720875,na,na,"criteria provided, multiple submitters, no conflicts",Uncertain significance,missense_variant,MODERATE,0.01,0.98,K/N,342.0,success,K342N,True,4,COSV64292596;COSV64307072,COSO29025463;COSO27604818;COSO29825606;COSO28395278,Confirmed somatic variant,9596690.0;30205045.0
single nucleotide variant,NM_000314.8(PTEN):c.1026G>C (p.Lys342Asn),PTEN,Uncertain significance,not provided|Hereditary cancer-predisposing syndrome|PTEN hamartoma tumor syndrome,10,87961118,na,na,"criteria provided, multiple submitters, no conflicts",Uncertain significance,missense_variant,MODERATE,0.01,0.98,K/N,342.0,success,K342N,True,4,COSV64292596;COSV64307072,COSO29025463;COSO27604818;COSO29825606;COSO28395278,Confirmed somatic variant,9596690.0;30205045.0
single nucleotide variant,NM_000314.8(PTEN):c.380G>T (p.Gly127Val),PTEN,Uncertain significance,PTEN hamartoma tumor syndrome,10,89692896,na,na,"criteria provided, single submitter",Uncertain significance,missense_variant,MODERATE,0.0,1.0,G/V,127.0,success,G127V,True,11,COSV64289089,COSO37895278;COSO28864826;COSO28394862;COSO29025463;COSO30454830,Confirmed somatic variant,26804919.0;27149842.0;31645765.0;30563911.0;22653804.0
single nucleotide variant,NM_000314.8(PTEN):c.380G>T (p.Gly127Val),PTEN,Uncertain significance,PTEN hamartoma tumor syndrome,10,87933139,na,na,"criteria provided, single submitter",Uncertain significance,missense_variant,MODERATE,0.0,1.0,G/V,127.0,success,G127V,True,11,COSV64289089,COSO37895278;COSO28864826;COSO28394862;COSO29025463;COSO30454830,Confirmed somatic variant,26804919.0;27149842.0;31645765.0;30563911.0;22653804.0
